id,labels
oupyc,0 1
eylly,0 1
bnmji,0 1
zmker,0 1
36lqo,0 1
0hxiw,0 1
uptia,0 1
mhsiz,0 1
fe876,0 1
7mg43,0 1
42ba1,0 1
icrgv,0 1
f8w91,0 1
msyyg,0 1
omnqt,0 1
93n8u,0 1
b8p5u,0 1
rbkej,0 1
q1mcu,0 1
04k4t,0 1
7az84,0 1
93x34,0 1
pru4b,0 1
l42n2,0 1
07tuv,0 1
kn1go,0 1
8lsd0,0 1
nqv9m,0 1
g5zg2,0 1
0oic1,0 1
54xtp,0 1
bg064,0 1
dkolg,0 1
417eu,0 1
70ggg,0 1
4ca9l,0 1
196qj,0 1
djqra,0 1
vu68i,0 1
m3xs1,0 1
36w9m,0 1
hb60k,0 1
lrdwm,0 1
74edn,0 1
jlgrx,0 1
b81sy,0 1
2pky6,0 1
4ug1e,0 1
buwq7,0 1
3wgl7,0 1
ke5gr,0 1
wivtr,0 1
8k3lf,0 1
y010t,0 1
o8ok2,0 1
vqctt,0 1
z4qwl,0 1
fc03l,0 1
5ei7c,0 1
sk1u6,0 1
yzyux,0 1
qenfh,0 1
ctaab,0 1
bs5sg,0 1
zojdf,0 1
nz2zb,0 1
hw3wl,0 1
vgro4,0 1
b7wnj,0 1
d9qr7,0 1
sn8of,0 1
2g446,0 1
lk36h,0 1
5eurq,0 1
u0tx3,0 1
dcv16,0 1
3g0o6,0 1
hoido,0 1
qkhlk,0 1
a4zvs,0 1
ztof2,0 1
4hisf,0 1
wht46,0 1
wyzsk,0 1
57my8,0 1
n9oca,0 1
9itau,0 1
0zr46,0 1
cgbdy,0 1
9zo9d,0 1
tlabb,0 1
oo3zi,0 1
cimy2,0 1
81aqi,0 1
q3dz3,0 1
zydqk,0 1
x85u5,0 1
ptxob,0 1
ve32z,0 1
8vtyi,0 1
3zfir,0 1
a0acy,0 1
valcw,0 1
uj7sq,0 1
4thq5,0 1
j0gkm,0 1
hw57s,0 1
49j64,0 1
dqw0s,0 1
1srsm,0 1
k22um,0 1
n5kto,0 1
s83yi,0 1
gsf12,0 1
fi3vy,0 1
21k99,0 1
b6ro8,0 1
7nl4f,0 1
tcshj,0 1
i5c64,0 1
bvb7i,0 1
qiju7,0 1
i00lw,0 1
95016,0 1
bak13,0 1
1tsqh,0 1
srwhs,0 1
8mllp,0 1
y6mdt,0 1
751a4,0 1
gj5ws,0 1
70us8,0 1
9icyh,0 1
bqwti,0 1
64kan,0 1
4crrx,0 1
8crv6,0 1
fune4,0 1
zv4rl,0 1
wvmze,0 1
hf7pb,0 1
ocbae,0 1
fmr0g,0 1
tq8yy,0 1
hs6mp,0 1
3xmp1,0 1
o4ufb,0 1
k3s6j,0 1
eshkd,0 1
u3hiu,0 1
adv35,0 1
fyrbp,0 1
ue0en,0 1
jsas5,0 1
4t68p,0 1
ane6h,0 1
vktqo,0 1
i96st,0 1
bs3m7,0 1
h0qqo,0 1
9qaru,0 1
v5986,0 1
tdoij,0 1
oztut,0 1
lehcf,0 1
ti0bn,0 1
10u0q,0 1
3atal,0 1
n31gu,0 1
gcugg,0 1
e4lz5,0 1
irdlr,0 1
zal8h,0 1
c6cfp,0 1
qowvj,0 1
2kbj8,0 1
gtqwy,0 1
2y7zu,0 1
gkqsh,0 1
r3sud,0 1
fxx5o,0 1
lhqgq,0 1
1cvui,0 1
xttbn,0 1
7abu9,0 1
o18v9,0 1
8sajp,0 1
oos1q,0 1
zjzny,0 1
7lvuj,0 1
5xwmw,0 1
957ia,0 1
eewzs,0 1
sbf7x,0 1
4dbqe,0 1
tg28q,0 1
8gce5,0 1
njuwc,0 1
hxxwu,0 1
a1e5j,0 1
rz5ne,0 1
suwh9,0 1
upk3h,0 1
e93xa,0 1
27ssc,0 1
p0k4f,0 1
8qnin,0 1
2kdtl,0 1
5uv5o,0 1
k1ooe,0 1
wxd2r,0 1
eyyb0,0 1
1kzrd,0 1
lqd4c,0 1
gy3k2,0 1
dfk30,0 1
l4dd9,0 1
k0ln1,0 1
df91z,0 1
h4cmq,0 1
ttqu0,0 1
kpbgq,0 1
tp0cu,0 1
l9ic8,0 1
ctaxd,0 1
702z4,0 1
ti24z,0 1
xovcc,0 1
m5i7l,0 1
2jq7k,0 1
2456c,0 1
x0wi9,0 1
b0fxc,0 1
x4atr,0 1
oci1u,0 1
gpc9q,0 1
nwjhu,0 1
6aj2k,0 1
sq1wc,0 1
aaazg,0 1
97qps,0 1
wamgf,0 1
np8zi,0 1
ttk7p,0 1
qd3pm,0 1
411sq,0 1
4pzlo,0 1
fhe0n,0 1
uaxac,0 1
i1eoy,0 1
eyp09,0 1
psf0s,0 1
8p2fv,0 1
3d6fu,0 1
eait9,0 1
bj7tt,0 1
zcg22,0 1
on6ww,0 1
ez4gn,0 1
pvmtb,0 1
ittqn,0 1
0xg92,0 1
ulys1,0 1
713vm,0 1
guntv,0 1
mx28b,0 1
j3sby,0 1
2lo5f,0 1
yeb9i,0 1
pjgjv,0 1
tgz6m,0 1
72329,0 1
7asq0,0 1
yc5it,0 1
xwpsd,0 1
6wf58,0 1
yekr9,0 1
wer0b,0 1
0mp8y,0 1
z9nnk,0 1
72x7b,0 1
rg0a4,0 1
bfqo7,0 1
0mkmd,0 1
e6fzm,0 1
6zo3u,0 1
kut53,0 1
g62dw,0 1
j2srl,0 1
xiy5d,0 1
bkfyu,0 1
mvwop,0 1
ztjyu,0 1
btzau,0 1
7ujlz,0 1
4w842,0 1
lwsdw,0 1
f3z6e,0 1
hyi61,0 1
kja8m,0 1
zhu2y,0 1
s4wos,0 1
9qcv6,0 1
7cxe0,0 1
20vqd,0 1
3gxn1,0 1
2eo1s,0 1
lrsyx,0 1
y590d,0 1
o3xn0,0 1
fhwz0,0 1
0k2ez,0 1
ypn0f,0 1
vkph2,0 1
ctlxu,0 1
ciea8,0 1
ejlj7,0 1
jvsw0,0 1
ofxmr,0 1
00b92,0 1
60n3m,0 1
ebjeh,0 1
z0kd7,0 1
yyaqo,0 1
671rd,0 1
co8vp,0 1
40rtk,0 1
udna8,0 1
3aqhc,0 1
q175z,0 1
f8u6z,0 1
qyepy,0 1
0or48,0 1
tvvo1,0 1
dznk3,0 1
vqi8m,0 1
j9jvk,0 1
sz65s,0 1
ddf2b,0 1
ulz4l,0 1
wi3k5,0 1
qfjyf,0 1
e1v8n,0 1
03lig,0 1
8gw1b,0 1
dj6pr,0 1
4u9pj,0 1
j4flc,0 1
9lqim,0 1
pxik5,0 1
np2ch,0 1
90ba5,0 1
9ovkd,0 1
9576w,0 1
oj1z5,0 1
tpng4,0 1
5dvyx,0 1
ttx7v,0 1
xjaey,0 1
rz8u5,0 1
55c3f,0 1
ffi59,0 1
th12j,0 1
lcqwj,0 1
g9fho,0 1
6vvxs,0 1
lkshp,0 1
d82y7,0 1
ub9s8,0 1
gt5g9,0 1
z690b,0 1
ep8b8,0 1
jbs0n,0 1
t8djs,0 1
s86af,0 1
d5nr9,0 1
ppkxk,0 1
q8lke,0 1
n1qv1,0 1
dmygf,0 1
wznlz,0 1
c3mvx,0 1
7wncc,0 1
mjq3b,0 1
1ur19,0 1
kah4p,0 1
6cq9m,0 1
vkwgl,0 1
mjgxj,0 1
fxvwd,0 1
ew2lj,0 1
xds52,0 1
8u3cr,0 1
30zil,0 1
snlnt,0 1
okzbj,0 1
tslph,0 1
narwa,0 1
b7yqq,0 1
d2c6i,0 1
vhv1e,0 1
trm4s,0 1
289qb,0 1
hhp2l,0 1
rosdb,0 1
8bew7,0 1
2olb4,0 1
6trfq,0 1
4v088,0 1
n63a9,0 1
65f4f,0 1
vwsfu,0 1
rioe4,0 1
dz2z1,0 1
fmiew,0 1
wqcio,0 1
l2v8y,0 1
75t66,0 1
4lcbk,0 1
d67sm,0 1
v02nm,0 1
o5g7r,0 1
ykcb3,0 1
rlnyu,0 1
8qzmd,0 1
dav4b,0 1
qfkpx,0 1
no1w3,0 1
re3bb,0 1
fdqiv,0 1
rvryh,0 1
vy9gi,0 1
673hk,0 1
muu6o,0 1
0lyfx,0 1
69eqc,0 1
r4mvj,0 1
qyuc7,0 1
wuwl0,0 1
cnumm,0 1
v1pi6,0 1
ehpsa,0 1
ccemk,0 1
fr3ig,0 1
eepah,0 1
9lj95,0 1
een00,0 1
zx702,0 1
pjlgq,0 1
9dgu5,0 1
goml5,0 1
v4hyg,0 1
zk63s,0 1
q9lhm,0 1
5vxx1,0 1
b96yb,0 1
swrxv,0 1
jhhp1,0 1
vkdb1,0 1
atgwn,0 1
r79q4,0 1
5ymje,0 1
te1og,0 1
tuoy2,0 1
gzcvt,0 1
n1vte,0 1
jt7kk,0 1
lt831,0 1
e6ppf,0 1
kx8j0,0 1
7qkmn,0 1
pzkut,0 1
rdgjj,0 1
6llo0,0 1
128aw,0 1
1ammd,0 1
vond0,0 1
hie6a,0 1
3bz5p,0 1
p35gu,0 1
xm5ra,0 1
om8ug,0 1
8elzq,0 1
5bwqw,0 1
g4dus,0 1
9giey,0 1
w0tcy,0 1
cx6qr,0 1
qjyj8,0 1
db2ny,0 1
6qwhj,0 1
mrxyk,0 1
je8qz,0 1
0h691,0 1
48be5,0 1
qspfk,0 1
0pg1y,0 1
mnbdz,0 1
r4gg1,0 1
7kwxx,0 1
b6x4b,0 1
3y2k1,0 1
f3fq7,0 1
knjdp,0 1
dsekx,0 1
etc5f,0 1
eire6,0 1
u5paw,0 1
vos26,0 1
a0oaz,0 1
6bcov,0 1
wbcks,0 1
8xzag,0 1
k4adz,0 1
4qm5f,0 1
24o2e,0 1
qd0qs,0 1
qvn02,0 1
tal1f,0 1
iojx4,0 1
g9cyw,0 1
ubndf,0 1
lp7pz,0 1
8scwi,0 1
3xnib,0 1
855nd,0 1
lvxa0,0 1
9jnc0,0 1
a5qx6,0 1
m94h5,0 1
sv5dt,0 1
auf4v,0 1
zpscg,0 1
herua,0 1
xvbny,0 1
kopbk,0 1
af0u1,0 1
mh73j,0 1
hg2dr,0 1
15dk3,0 1
056at,0 1
taogm,0 1
c320y,0 1
k7630,0 1
4mdqd,0 1
twy3b,0 1
ttsv5,0 1
dik6n,0 1
3ct3t,0 1
9loly,0 1
1y15x,0 1
3zkob,0 1
9r6qi,0 1
lg52x,0 1
1n590,0 1
5t93f,0 1
7c246,0 1
v3osr,0 1
hbgg8,0 1
sju0z,0 1
7eitg,0 1
kfhqe,0 1
s8qtz,0 1
tki51,0 1
s0xxj,0 1
5odtu,0 1
wqtaj,0 1
ss7s2,0 1
pr5cj,0 1
y0p75,0 1
769ac,0 1
4kg8z,0 1
5n3pq,0 1
pbae1,0 1
7kle2,0 1
u9qxe,0 1
himie,0 1
m6nhx,0 1
5hf2y,0 1
nlhx1,0 1
uih3a,0 1
guxtk,0 1
9bn7a,0 1
hppf1,0 1
daub8,0 1
nzbiy,0 1
4af18,0 1
k6xsz,0 1
b4ix1,0 1
udrfn,0 1
rjyva,0 1
l70ng,0 1
kq66d,0 1
03ff9,0 1
lhpom,0 1
f4e1i,0 1
ni1et,0 1
8pr1q,0 1
22c8i,0 1
ibpze,0 1
wmgtc,0 1
q7duw,0 1
firr8,0 1
eyg7g,0 1
vz11j,0 1
ulaq2,0 1
o9lre,0 1
p2qgq,0 1
0gzpl,0 1
eo35o,0 1
hwyz5,0 1
kqpf7,0 1
mgyci,0 1
7ekmj,0 1
yvw2m,0 1
8amwg,0 1
hqj91,0 1
8wfch,0 1
g7xor,0 1
hf58p,0 1
urkqh,0 1
4cwm8,0 1
6xnht,0 1
xvmjc,0 1
5so6v,0 1
rv20h,0 1
va9q8,0 1
1g348,0 1
hekk0,0 1
oqj41,0 1
889i2,0 1
6npi3,0 1
rv4yh,0 1
dyxfa,0 1
4vh9t,0 1
v9ti7,0 1
c4ozy,0 1
vis31,0 1
egpcb,0 1
6comq,0 1
da9b1,0 1
bekt9,0 1
pugqp,0 1
lammz,0 1
ora3o,0 1
8kjkw,0 1
ewyvp,0 1
xl3dm,0 1
xx2pt,0 1
sbsjp,0 1
kwyv3,0 1
2fm1m,0 1
8d3vr,0 1
404xj,0 1
5dg3g,0 1
yvy2e,0 1
tfpry,0 1
syi77,0 1
2d8qw,0 1
c4raz,0 1
5cual,0 1
ktrxs,0 1
3pnq2,0 1
qndek,0 1
5n0nv,0 1
iuq6i,0 1
z34lj,0 1
oun1u,0 1
xjby4,0 1
b7lbx,0 1
sz5ey,0 1
gpds7,0 1
ambqf,0 1
bccrc,0 1
npap1,0 1
bhfqy,0 1
aez9g,0 1
o15at,0 1
7my4f,0 1
pt39y,0 1
ztvm4,0 1
dnpq2,0 1
8tw6a,0 1
n0ff4,0 1
bvuzq,0 1
a58rj,0 1
amaxc,0 1
vzl5o,0 1
5o04g,0 1
plkok,0 1
wh2hk,0 1
pvn55,0 1
xrabz,0 1
1af77,0 1
low62,0 1
6gzt3,0 1
u72hn,0 1
pnmqp,0 1
s57zb,0 1
opuot,0 1
q1zux,0 1
kwnq6,0 1
hxjkp,0 1
yfnrx,0 1
uhy5d,0 1
qikdl,0 1
zx9te,0 1
y31mc,0 1
jcrkp,0 1
o5n1o,0 1
bmwhf,0 1
4tt6d,0 1
e9hf9,0 1
sac4d,0 1
olrca,0 1
cazmk,0 1
rk9w5,0 1
ugq0g,0 1
4z1g6,0 1
bqfex,0 1
u509w,0 1
ichlk,0 1
srreb,0 1
n1pga,0 1
wf3xy,0 1
s4dra,0 1
mlmmc,0 1
x1dx1,0 1
bhh97,0 1
wcep2,0 1
7kbcw,0 1
b8zw9,0 1
apjt3,0 1
mt64t,0 1
ee5h7,0 1
aebed,0 1
nupo6,0 1
z6t7u,0 1
3mff6,0 1
8jait,0 1
sk14q,0 1
qba3a,0 1
nc02v,0 1
52yrj,0 1
sewro,0 1
yadcb,0 1
paif9,0 1
7ijg7,0 1
m5r41,0 1
vzpzw,0 1
r3d46,0 1
o8wea,0 1
uwkfj,0 1
9e8xt,0 1
wpoj0,0 1
4yvd5,0 1
5usf8,0 1
q2ejw,0 1
tjl5f,0 1
ssj9h,0 1
sw1yt,0 1
ix01z,0 1
xpqq0,0 1
g654i,0 1
zo2mx,0 1
1yj4v,0 1
6ww34,0 1
tmig6,0 1
1olbh,0 1
n8u4f,0 1
6di88,0 1
1eqs1,0 1
wdvg9,0 1
p2f8v,0 1
pjnmx,0 1
g0970,0 1
33nt4,0 1
e870j,0 1
3gdsl,0 1
yo71y,0 1
knwyn,0 1
rcxo5,0 1
6783v,0 1
oc4zu,0 1
fmyad,0 1
z4ucf,0 1
stuyu,0 1
4cx3a,0 1
gh3gg,0 1
o3lk6,0 1
0frll,0 1
i2b30,0 1
cb03z,0 1
7p6p6,0 1
dnr2w,0 1
lvum0,0 1
zka76,0 1
6hakw,0 1
s4rm2,0 1
em9f4,0 1
cyklu,0 1
bhh0b,0 1
qzfgl,0 1
k29y1,0 1
m3qia,0 1
zf8sc,0 1
e2054,0 1
me9q0,0 1
7pl45,0 1
26jxu,0 1
f050d,0 1
aq9up,0 1
ajarc,0 1
ou44d,0 1
gvm4z,0 1
l4b4p,0 1
p77es,0 1
n5ob4,0 1
0befe,0 1
deywj,0 1
owbew,0 1
rds7h,0 1
8jyle,0 1
5a6gc,0 1
27reo,0 1
8myap,0 1
y2ll9,0 1
ddsiw,0 1
bad2f,0 1
b6h9k,0 1
2r70z,0 1
j2rz6,0 1
2096h,0 1
ydn0x,0 1
yxxrv,0 1
6wlij,0 1
dtqp6,0 1
q8h4n,0 1
oju10,0 1
m9f3i,0 1
gw2pk,0 1
c32zn,0 1
4gcde,0 1
hxt9s,0 1
ijzxz,0 1
a1l68,0 1
8f8sz,0 1
qd7ql,0 1
erpq8,0 1
4o0tg,0 1
91hm5,0 1
0epko,0 1
70dda,0 1
5m4fi,0 1
vs62p,0 1
lboyq,0 1
yi52s,0 1
wf5hi,0 1
er8jm,0 1
517e5,0 1
gvpzm,0 1
opa93,0 1
fi53p,0 1
72ooq,0 1
9sq4b,0 1
y81kg,0 1
a1948,0 1
n5qmm,0 1
upbj6,0 1
3fkcy,0 1
u1ksj,0 1
k21zz,0 1
cqmis,0 1
wxufc,0 1
cie7o,0 1
oo6dr,0 1
52y2c,0 1
lvwnw,0 1
pdn7t,0 1
7aiq3,0 1
4biii,0 1
fqhg5,0 1
5w9bs,0 1
jnoct,0 1
urj7y,0 1
vip7a,0 1
jxv63,0 1
002q3,0 1
506hd,0 1
1738p,0 1
ydyhd,0 1
zromk,0 1
uuwwx,0 1
ed72g,0 1
c7g8j,0 1
9db4f,0 1
7vo6b,0 1
fmvmy,0 1
kbbpb,0 1
5siuq,0 1
3y921,0 1
rn2jl,0 1
iocle,0 1
zrn7o,0 1
65an6,0 1
dkvgd,0 1
z3djm,0 1
bvrxt,0 1
03mtt,0 1
n8wzf,0 1
e3g5t,0 1
hx8ab,0 1
seqf8,0 1
yxpq6,0 1
xc1nw,0 1
006kv,0 1
sne8p,0 1
f2ax9,0 1
30kyi,0 1
7p8gu,0 1
fb305,0 1
uobo7,0 1
e8qgu,0 1
shrrq,0 1
nhfkf,0 1
sf5rk,0 1
cxmnx,0 1
pf75c,0 1
vhjar,0 1
76v3g,0 1
6xpbm,0 1
p708e,0 1
k1xqo,0 1
inylg,0 1
tfyz5,0 1
zgzcu,0 1
thynz,0 1
d1t07,0 1
adh8n,0 1
4g3vb,0 1
9ku36,0 1
9vpns,0 1
zwrsm,0 1
k7aeg,0 1
asobr,0 1
8tnib,0 1
es9dw,0 1
x2htl,0 1
aa4to,0 1
23j56,0 1
55c2n,0 1
w84k4,0 1
70ygt,0 1
qcqij,0 1
cmt7h,0 1
tb6bs,0 1
2buke,0 1
b5wyn,0 1
arlpa,0 1
bz20y,0 1
ilz1e,0 1
bqimw,0 1
89itz,0 1
ohob5,0 1
5x23b,0 1
esjzi,0 1
e6j21,0 1
brrxb,0 1
o8405,0 1
quc8a,0 1
ufzhu,0 1
8uh1x,0 1
un95b,0 1
23lk1,0 1
v81u0,0 1
tctvy,0 1
n2t5i,0 1
xi50m,0 1
jbo4s,0 1
mv8t3,0 1
hlt8z,0 1
i7vft,0 1
fvete,0 1
3zgyf,0 1
nltcm,0 1
qhwm4,0 1
f1ca2,0 1
f9fap,0 1
lo5q6,0 1
9i0mc,0 1
hd2m0,0 1
00qli,0 1
c74gj,0 1
1k5ks,0 1
zylvt,0 1
pk46k,0 1
mea6s,0 1
9suhi,0 1
9ykt3,0 1
drrrf,0 1
cxaps,0 1
p6kar,0 1
7sggn,0 1
992px,0 1
qirpt,0 1
u8sm7,0 1
n653q,0 1
nzxm5,0 1
jhc50,0 1
e1yw4,0 1
mepf7,0 1
2zem7,0 1
8qdow,0 1
stzam,0 1
iz7vh,0 1
vurkm,0 1
2mll4,0 1
a4d7o,0 1
quse2,0 1
lxl21,0 1
tq5z8,0 1
ygmrv,0 1
571r9,0 1
1fdmd,0 1
qq5l6,0 1
m4ke0,0 1
cul01,0 1
x43qi,0 1
lqryk,0 1
i97mr,0 1
9ykxr,0 1
cuszy,0 1
m7mcm,0 1
exzop,0 1
je64q,0 1
o3sxv,0 1
o760u,0 1
xg3ny,0 1
m9fuk,0 1
yp644,0 1
gi0ph,0 1
a8n9m,0 1
2afuz,0 1
8g0s8,0 1
fbsyz,0 1
syjxi,0 1
vtg3v,0 1
m9kae,0 1
c9tnz,0 1
fl46a,0 1
klce2,0 1
c0k05,0 1
tafhu,0 1
9u3pj,0 1
0rn5z,0 1
wm5p4,0 1
8r3pn,0 1
88gca,0 1
5i9oa,0 1
47pz2,0 1
6o351,0 1
up0d3,0 1
uq284,0 1
qowyw,0 1
rkx6j,0 1
rgz3a,0 1
pzd1y,0 1
0uz50,0 1
naylh,0 1
syyfl,0 1
dcyzy,0 1
v5n1k,0 1
8n7n3,0 1
zrekv,0 1
cy918,0 1
4ozh7,0 1
s4hgq,0 1
597qv,0 1
xie1d,0 1
nfzeu,0 1
dhcn7,0 1
5jojw,0 1
3487i,0 1
rkfvg,0 1
0dc84,0 1
x6r2w,0 1
5mdm7,0 1
a9a10,0 1
4aysq,0 1
r9wka,0 1
y771x,0 1
titga,0 1
j5npw,0 1
0bhgh,0 1
bypk6,0 1
vsw30,0 1
c5b4f,0 1
ty137,0 1
sp3pa,0 1
1rccf,0 1
jizpr,0 1
wznn0,0 1
6l1gl,0 1
tni6s,0 1
vy5ah,0 1
ciw8e,0 1
d82i8,0 1
wnnxk,0 1
5dqk9,0 1
u0pu2,0 1
7tq3y,0 1
whmfz,0 1
59p69,0 1
mv0ik,0 1
mgj9b,0 1
evown,0 1
wlrha,0 1
k7il3,0 1
q3fle,0 1
c5v4t,0 1
140do,0 1
hhise,0 1
oytls,0 1
cs6d4,0 1
oxyn3,0 1
nc0cf,0 1
mzzn2,0 1
z6ekg,0 1
wesjw,0 1
fqltc,0 1
kmiyu,0 1
leifs,0 1
65k3a,0 1
wdgmr,0 1
117nm,0 1
8jopd,0 1
d51gh,0 1
byti1,0 1
13clr,0 1
qndsw,0 1
ztit6,0 1
gnftl,0 1
5utvo,0 1
jtdyx,0 1
oejys,0 1
p28rb,0 1
o2dxq,0 1
nitcg,0 1
uec2b,0 1
ctg5s,0 1
xps9l,0 1
t92u4,0 1
r878g,0 1
o3o1s,0 1
4yke5,0 1
jv8iy,0 1
ljcfc,0 1
9008w,0 1
yodzk,0 1
yt0pt,0 1
mtqti,0 1
mncsl,0 1
j7bne,0 1
heyl2,0 1
cjdvx,0 1
zorck,0 1
pumcc,0 1
b7jxn,0 1
oufnj,0 1
eq5c9,0 1
ck6xl,0 1
phxay,0 1
7tk2k,0 1
kvz01,0 1
6ekgm,0 1
2eeod,0 1
q0gri,0 1
ucyn3,0 1
c700m,0 1
mk8og,0 1
8fuyg,0 1
0vti6,0 1
3jzjd,0 1
f1m6g,0 1
87x8i,0 1
qa89i,0 1
4tif5,0 1
ic4jo,0 1
9fznj,0 1
buweo,0 1
7p5u9,0 1
b0ei2,0 1
cfy6l,0 1
nojgl,0 1
cu2sq,0 1
sn5r1,0 1
glwty,0 1
5tifl,0 1
i4r0r,0 1
pejyq,0 1
sdxxq,0 1
unfj9,0 1
mpc6v,0 1
ccy5f,0 1
5usyu,0 1
2b6t2,0 1
h6p5h,0 1
vyizm,0 1
qusl4,0 1
6g64o,0 1
9ylx3,0 1
33dmf,0 1
l09oq,0 1
33tqq,0 1
f5sr1,0 1
kd9z3,0 1
zcqhr,0 1
j8xuz,0 1
7isfp,0 1
pal47,0 1
ovyj4,0 1
jbfng,0 1
phyvv,0 1
v6e9n,0 1
9hun4,0 1
dot6v,0 1
24x6x,0 1
qjyj2,0 1
d5jnw,0 1
t4lm5,0 1
h4k8x,0 1
9hzs8,0 1
sk5uq,0 1
okzf3,0 1
kohqm,0 1
o8uf2,0 1
i168a,0 1
4khc9,0 1
zd749,0 1
78lag,0 1
k5igg,0 1
bvmaa,0 1
d4i9h,0 1
rjgti,0 1
r1oxb,0 1
r97q9,0 1
09upm,0 1
kydn4,0 1
m9vdo,0 1
55tum,0 1
ac0a5,0 1
rpzti,0 1
xsgf4,0 1
igspr,0 1
5f9wi,0 1
5alm1,0 1
b8zu8,0 1
rnolo,0 1
u4fva,0 1
fs4lr,0 1
w9v87,0 1
b4log,0 1
q8rr2,0 1
m3w45,0 1
rtzyq,0 1
x2jui,0 1
s84i2,0 1
rxyte,0 1
kmpsg,0 1
6t6t0,0 1
hocsu,0 1
763oj,0 1
hedfw,0 1
itkka,0 1
aauvw,0 1
knnc0,0 1
cpnpq,0 1
xbd5w,0 1
5vmjv,0 1
r2rr1,0 1
sm1up,0 1
7vtzz,0 1
wtzlj,0 1
zkt40,0 1
yi322,0 1
1mozi,0 1
basae,0 1
4zo2t,0 1
epaww,0 1
ncift,0 1
9t0mp,0 1
ajkt5,0 1
rxgt1,0 1
c3vkp,0 1
t5080,0 1
iitnh,0 1
0m7f7,0 1
o2khz,0 1
bnaxe,0 1
lymw8,0 1
b456v,0 1
m1yn1,0 1
xn2ph,0 1
ktc4w,0 1
cmyh1,0 1
72czf,0 1
r9k64,0 1
jtk4w,0 1
e264h,0 1
wl4v0,0 1
7a7f8,0 1
51c5f,0 1
h15p5,0 1
ies7w,0 1
vb8yc,0 1
1qqqa,0 1
l68wo,0 1
p1cm6,0 1
pszm1,0 1
ubobv,0 1
w68jp,0 1
d507c,0 1
zxpod,0 1
x4sbq,0 1
ty77n,0 1
t0xxg,0 1
u9f4q,0 1
msypu,0 1
2ny84,0 1
3098a,0 1
l7b2d,0 1
tj53d,0 1
cu6zr,0 1
jcw1d,0 1
b69d1,0 1
bi28k,0 1
rnxbk,0 1
i79i9,0 1
phjna,0 1
uvkaf,0 1
eh8fc,0 1
h0dxu,0 1
dlmr9,0 1
lr55r,0 1
q0up4,0 1
d3o74,0 1
p8gpo,0 1
0tx2p,0 1
xql4o,0 1
5e72p,0 1
aznll,0 1
dh6et,0 1
ox69r,0 1
u9mmy,0 1
cj1zj,0 1
sacp3,0 1
6uack,0 1
shbtv,0 1
w79y4,0 1
q7fsu,0 1
0vjo6,0 1
6i3jy,0 1
n6zqj,0 1
illzl,0 1
r41k9,0 1
jzbuu,0 1
7jji2,0 1
1b9el,0 1
x037r,0 1
qzi18,0 1
1mub7,0 1
30oei,0 1
trqmi,0 1
j88lk,0 1
7ajro,0 1
ay1uy,0 1
hetvm,0 1
bok0t,0 1
xdxhm,0 1
lvhi9,0 1
94r27,0 1
pmj1h,0 1
1d98g,0 1
nsbu7,0 1
orm1a,0 1
fcfpn,0 1
2yh6g,0 1
56sqn,0 1
s90h9,0 1
kv3x2,0 1
v0c7g,0 1
g3rtc,0 1
dox1k,0 1
8eam6,0 1
v45le,0 1
vcu9c,0 1
0kgj3,0 1
quq9k,0 1
xy9pd,0 1
85enk,0 1
hu6ly,0 1
bq7e9,0 1
qhn92,0 1
o7owq,0 1
eze4p,0 1
01vky,0 1
ilvmz,0 1
mc543,0 1
t7mjx,0 1
l8ior,0 1
0lbxp,0 1
rvoiz,0 1
9inor,0 1
fbehr,0 1
7tecd,0 1
27dst,0 1
bwbnc,0 1
xu14h,0 1
af8r7,0 1
nye96,0 1
7wr05,0 1
fsdht,0 1
1m1my,0 1
n8udc,0 1
9zus1,0 1
8fuw4,0 1
erztd,0 1
qcm0d,0 1
3q39s,0 1
je9ze,0 1
gtjd5,0 1
tzjv2,0 1
cf9ge,0 1
off9s,0 1
j0k8j,0 1
orqp1,0 1
8jjqq,0 1
2z1fr,0 1
55f92,0 1
g632l,0 1
it9r4,0 1
1gx30,0 1
vlgbv,0 1
rnk7j,0 1
l9alc,0 1
4ggil,0 1
m6nzj,0 1
1lwji,0 1
7tvo4,0 1
6mqux,0 1
hrcsj,0 1
3vk5j,0 1
3qp10,0 1
8r6l3,0 1
1kfdf,0 1
6ks64,0 1
gxql9,0 1
v6iaq,0 1
ye8ju,0 1
32s4k,0 1
ljzs9,0 1
ic9ci,0 1
4yprb,0 1
mzue2,0 1
d8rlo,0 1
m6ot8,0 1
e1gui,0 1
3mfpj,0 1
0j5r1,0 1
q5wz7,0 1
qzemp,0 1
v4awi,0 1
uza3e,0 1
4aua2,0 1
fq7ky,0 1
aeio4,0 1
842x6,0 1
u5hpm,0 1
hk737,0 1
ztiyi,0 1
7x6ub,0 1
lcb2g,0 1
8z1fk,0 1
75k2u,0 1
ovhaa,0 1
abc4u,0 1
6pp3c,0 1
sseo4,0 1
vntg8,0 1
uqwuy,0 1
s15s1,0 1
j188j,0 1
lmyiz,0 1
yt2vo,0 1
ag2mz,0 1
002t7,0 1
82rgd,0 1
s5o8h,0 1
toek0,0 1
zvbud,0 1
mjqqc,0 1
kwigu,0 1
kywo2,0 1
s9amx,0 1
nnw7i,0 1
x8t63,0 1
4mhyi,0 1
u4eat,0 1
q755i,0 1
8q8mi,0 1
eorrj,0 1
90bmc,0 1
16b3z,0 1
q6r2a,0 1
s2ntv,0 1
6gi67,0 1
3zv0m,0 1
3bqva,0 1
0dpbl,0 1
cjw4u,0 1
zqte3,0 1
fmw5c,0 1
a5t0a,0 1
slzu3,0 1
3k40d,0 1
ztut5,0 1
gk3is,0 1
2bb0n,0 1
zjnh4,0 1
kpgvk,0 1
1fb5k,0 1
6y7mv,0 1
gqbco,0 1
ic94y,0 1
3g569,0 1
0crfm,0 1
yqws6,0 1
qxcxb,0 1
snp0r,0 1
mmm02,0 1
3h3rm,0 1
7ve94,0 1
xtt79,0 1
btzb6,0 1
5e9c5,0 1
umq3u,0 1
0n0k0,0 1
k3btj,0 1
0hrbd,0 1
3563w,0 1
ch7yc,0 1
kidf3,0 1
76ce3,0 1
jpngz,0 1
r1zpf,0 1
ex46c,0 1
f0yi5,0 1
hzfx4,0 1
z05az,0 1
e66k8,0 1
8p73t,0 1
2gc2n,0 1
a6jyx,0 1
msaap,0 1
wnr47,0 1
74fo6,0 1
wx0d0,0 1
vn59p,0 1
wmf5g,0 1
eop0j,0 1
yknoz,0 1
7r6s0,0 1
5gr4k,0 1
kcoq2,0 1
xmxte,0 1
zg579,0 1
d0l8v,0 1
1fmlr,0 1
t7g5q,0 1
lgzgc,0 1
93b9u,0 1
l9i93,0 1
ap2ba,0 1
o0t84,0 1
gvju7,0 1
6z498,0 1
yvbbj,0 1
qi1cz,0 1
979ho,0 1
1hb75,0 1
5joyu,0 1
d879y,0 1
8ynnk,0 1
r705c,0 1
275xn,0 1
s8aj0,0 1
qfmo0,0 1
d7www,0 1
ryvbk,0 1
t3m48,0 1
pb9i6,0 1
pq3p9,0 1
oowj9,0 1
8ga5r,0 1
y0wdh,0 1
ddemq,0 1
bmpnx,0 1
m76go,0 1
ou9t9,0 1
hnrb1,0 1
642ul,0 1
r7c27,0 1
gpjwl,0 1
lqn2s,0 1
5351a,0 1
spcby,0 1
g041c,0 1
l0dk2,0 1
4p2vl,0 1
r7pnc,0 1
pcyi7,0 1
viops,0 1
u4aiq,0 1
vu4ez,0 1
lcs2t,0 1
ooz4p,0 1
pq6to,0 1
l2xv8,0 1
p6mik,0 1
5dhqy,0 1
b4okq,0 1
ei2gw,0 1
q3cz7,0 1
oqkb0,0 1
huf4l,0 1
fer36,0 1
9k287,0 1
ghor3,0 1
stx1v,0 1
orm9g,0 1
c17pa,0 1
coijz,0 1
a3rpw,0 1
ljmrc,0 1
pdula,0 1
vqgq4,0 1
jn7xd,0 1
kbdn7,0 1
kshvp,0 1
w2mab,0 1
k976n,0 1
o50d8,0 1
wr8v4,0 1
eauci,0 1
sj57y,0 1
ojwcw,0 1
fwjht,0 1
7ueo8,0 1
3eijt,0 1
pvfj6,0 1
sytvf,0 1
bxbj2,0 1
y2yqs,0 1
tbf6x,0 1
axyl3,0 1
thx5o,0 1
vqh8x,0 1
wi627,0 1
63ng6,0 1
r0wiv,0 1
5gkrp,0 1
2yh05,0 1
sov34,0 1
n9uhz,0 1
e56rh,0 1
ent32,0 1
i8mqf,0 1
lpzo7,0 1
c1zw7,0 1
a4u4z,0 1
n5sjp,0 1
36nd8,0 1
idgfy,0 1
j8frb,0 1
hilef,0 1
u1xnr,0 1
lyoxx,0 1
msv9t,0 1
e0lag,0 1
u7zrp,0 1
nvqro,0 1
fachn,0 1
nquug,0 1
jr0ap,0 1
phnvu,0 1
2c4tf,0 1
7kzrj,0 1
9m2pi,0 1
jqk90,0 1
zzlfl,0 1
tnu9i,0 1
f90vd,0 1
v5s1l,0 1
6b05i,0 1
kkxa6,0 1
6nz89,0 1
5dmeq,0 1
q7bnq,0 1
yhxas,0 1
vdo7n,0 1
qssyr,0 1
tuvi8,0 1
nqwvn,0 1
dccn1,0 1
edmmt,0 1
3xugl,0 1
c5rlb,0 1
2en6t,0 1
j57q2,0 1
ij2lz,0 1
2clfo,0 1
qsnzf,0 1
2m7hr,0 1
6qjdo,0 1
ohs2o,0 1
erl7n,0 1
l5jaw,0 1
j5hsw,0 1
7ek13,0 1
3jupl,0 1
4cnsb,0 1
6xwgu,0 1
4xtv8,0 1
utgiz,0 1
5k2gk,0 1
zmmg2,0 1
gb5wv,0 1
tkcld,0 1
87vp3,0 1
difj5,0 1
dwzqi,0 1
qrxk5,0 1
04gl7,0 1
fe56e,0 1
bfn2v,0 1
j26vj,0 1
mybr5,0 1
o3evf,0 1
vk83s,0 1
5nsb9,0 1
10ca6,0 1
l5bow,0 1
kl8up,0 1
eh4l9,0 1
snaxd,0 1
k8h9a,0 1
ird17,0 1
z6ibo,0 1
xr4ly,0 1
ux63o,0 1
z03pu,0 1
6yofr,0 1
dgvic,0 1
x8h9f,0 1
xaq5c,0 1
6ogkt,0 1
tkpns,0 1
6hyws,0 1
mg0p4,0 1
lg462,0 1
ix4dn,0 1
6c041,0 1
7l3n3,0 1
ehim8,0 1
a1ryb,0 1
qsdce,0 1
kcfwv,0 1
l1clu,0 1
idpug,0 1
9gvgx,0 1
okldq,0 1
4iroi,0 1
mjblj,0 1
7p8ml,0 1
brfo7,0 1
4alh9,0 1
cvkx8,0 1
u8kxc,0 1
yrp27,0 1
s7woi,0 1
k0a4d,0 1
ds3br,0 1
onohn,0 1
qfqb2,0 1
a3iz9,0 1
kv2q4,0 1
24ll7,0 1
8pbxy,0 1
xi4yh,0 1
yhsuc,0 1
95jdm,0 1
1zxz1,0 1
95bu1,0 1
jhsve,0 1
91p68,0 1
1xkgm,0 1
lnmic,0 1
dlwjt,0 1
0k2l8,0 1
ou0za,0 1
ldk14,0 1
empii,0 1
vy4i1,0 1
s4lgw,0 1
uat3k,0 1
lqivn,0 1
hlsxq,0 1
izub7,0 1
tdpox,0 1
ctesr,0 1
qqqsh,0 1
tee54,0 1
tibsk,0 1
r2lur,0 1
dk7zs,0 1
vnvib,0 1
68x8g,0 1
4xmhl,0 1
u1rkv,0 1
xxzd9,0 1
ohtvv,0 1
3q0e2,0 1
nspzl,0 1
u85hj,0 1
m8t7c,0 1
naii5,0 1
nuj1h,0 1
nd9bl,0 1
xrslq,0 1
am085,0 1
i3uub,0 1
df1zn,0 1
x5xcp,0 1
t7j0p,0 1
bsqa0,0 1
h8rfx,0 1
8uncs,0 1
t5jlr,0 1
rdpr9,0 1
vc4rl,0 1
hdefw,0 1
lvrjb,0 1
g8ga0,0 1
4rav8,0 1
barw6,0 1
ay377,0 1
r41ux,0 1
6mmbg,0 1
1eq1w,0 1
j2vv9,0 1
z7nat,0 1
n4vjb,0 1
bmenn,0 1
1tdn1,0 1
vkrmf,0 1
d6bk2,0 1
euhmh,0 1
061t7,0 1
vebrb,0 1
slstp,0 1
xiyke,0 1
tz6hv,0 1
xs9vu,0 1
jlzgc,0 1
4if1q,0 1
5vv3t,0 1
op5ec,0 1
v2ibv,0 1
xo53i,0 1
uu9re,0 1
vmyfh,0 1
ovbil,0 1
h69ox,0 1
r0j3l,0 1
ovovn,0 1
x64tr,0 1
67d9h,0 1
jj093,0 1
odlo7,0 1
xn2ht,0 1
t02kq,0 1
mhmcd,0 1
sa7sf,0 1
7bs29,0 1
v82mk,0 1
fvvwo,0 1
10id7,0 1
vtp7u,0 1
hgtnb,0 1
xedtg,0 1
3p4s6,0 1
y36ow,0 1
dukzt,0 1
xufpk,0 1
ih5ba,0 1
njjd5,0 1
fkzbw,0 1
ers0t,0 1
qtr0v,0 1
kyrs4,0 1
wl1hw,0 1
9o6ks,0 1
f0oxd,0 1
t6f3p,0 1
hlr2z,0 1
r3dyv,0 1
845b7,0 1
53pcq,0 1
bqi60,0 1
88bra,0 1
hcxsx,0 1
phlkt,0 1
2x0lx,0 1
5m4at,0 1
60j38,0 1
qfuv3,0 1
07hai,0 1
6ewq7,0 1
24ag0,0 1
cp1ga,0 1
1oxjp,0 1
ytzng,0 1
oc14m,0 1
ssp5j,0 1
54m9b,0 1
g1vjk,0 1
swo8n,0 1
501m9,0 1
x1k1p,0 1
zlpz1,0 1
r4toy,0 1
tgoct,0 1
hyv01,0 1
e54hs,0 1
woas6,0 1
o86k7,0 1
q9rd1,0 1
9rslv,0 1
t3mqi,0 1
5fbb0,0 1
icpxi,0 1
0icda,0 1
s54o3,0 1
ctql0,0 1
xttgi,0 1
m7wym,0 1
ckv7k,0 1
ocp3u,0 1
sa3gb,0 1
vh0vz,0 1
yepzk,0 1
5f9jj,0 1
tfmxc,0 1
ss2h8,0 1
blejv,0 1
5olmt,0 1
7jgwu,0 1
9jahb,0 1
x7bcw,0 1
83cne,0 1
zflc7,0 1
nym01,0 1
gp97w,0 1
d6kht,0 1
iulzo,0 1
f3367,0 1
im36z,0 1
e41f5,0 1
7k39j,0 1
mih44,0 1
5xknz,0 1
off54,0 1
q8pwo,0 1
204se,0 1
oi1ar,0 1
irsyu,0 1
lywe8,0 1
39rxu,0 1
rwlgf,0 1
tcjkn,0 1
xkh82,0 1
jt7v3,0 1
146nz,0 1
buhs8,0 1
czwk9,0 1
2l0hf,0 1
4htmb,0 1
tar2e,0 1
liesd,0 1
x0wxl,0 1
jztkn,0 1
jvdzu,0 1
op2ns,0 1
ns2pr,0 1
qo8zz,0 1
xhsy0,0 1
l1sfl,0 1
0u87q,0 1
w9b6r,0 1
z00c6,0 1
9cgg2,0 1
pbu39,0 1
t6i8p,0 1
t5m6n,0 1
ni7re,0 1
7gw44,0 1
z39xg,0 1
3r02y,0 1
4eiwf,0 1
vkb3f,0 1
jftoy,0 1
j8z7k,0 1
9t1qs,0 1
c3gm8,0 1
v0zrv,0 1
z76i8,0 1
vim7p,0 1
sb11l,0 1
uh191,0 1
8q49a,0 1
rz9zj,0 1
2ah8u,0 1
n9qug,0 1
rv2dq,0 1
ice0n,0 1
ku055,0 1
nw27i,0 1
i88dt,0 1
oxptz,0 1
psr59,0 1
ahq2s,0 1
k6yeh,0 1
6bk6d,0 1
1ddw8,0 1
tk6ah,0 1
jrttw,0 1
lezl5,0 1
avgrq,0 1
x4pzm,0 1
iixyd,0 1
z1w7c,0 1
bjfgp,0 1
nz38q,0 1
97m69,0 1
i3kr4,0 1
2sgbr,0 1
khaei,0 1
l2ik4,0 1
77k4p,0 1
7b7o0,0 1
4991y,0 1
ord9p,0 1
rmbdx,0 1
gspf8,0 1
fmz1g,0 1
hdi0w,0 1
ohz4t,0 1
usfkf,0 1
11d8h,0 1
it276,0 1
0kx4g,0 1
zp362,0 1
dkydq,0 1
7x8zx,0 1
6pdci,0 1
g5y9x,0 1
nj20n,0 1
601hf,0 1
vrsnr,0 1
2jn95,0 1
qk6zi,0 1
r9esi,0 1
k98d2,0 1
ff0t2,0 1
m0n6m,0 1
h0zed,0 1
7dzee,0 1
roysg,0 1
hnrfe,0 1
04tsh,0 1
tfzo4,0 1
k9wn4,0 1
73k1f,0 1
b1gi6,0 1
bd37o,0 1
qsqum,0 1
pc2ui,0 1
xrt11,0 1
s4h57,0 1
yo2bs,0 1
3jbrc,0 1
l5260,0 1
tb2eg,0 1
zunqi,0 1
wxkul,0 1
fhmfy,0 1
6krys,0 1
pdljd,0 1
7ygwj,0 1
en2c2,0 1
rveyw,0 1
xmi8m,0 1
qr9jp,0 1
ydps7,0 1
7wn6v,0 1
0k4ic,0 1
2mj8p,0 1
wu7ce,0 1
tacjx,0 1
n43aw,0 1
z1mwe,0 1
3dsfy,0 1
13c3o,0 1
uk8un,0 1
wfmpi,0 1
81zkg,0 1
h12ry,0 1
rtm31,0 1
19t9r,0 1
9jab7,0 1
vetsa,0 1
3nokw,0 1
30v2o,0 1
0bl0o,0 1
rp0lb,0 1
kfehb,0 1
2uqnv,0 1
wfi50,0 1
94qq1,0 1
4zt4a,0 1
rcld2,0 1
8ve0y,0 1
8cvaw,0 1
pre40,0 1
h1uzk,0 1
i52zo,0 1
nzneh,0 1
692mc,0 1
b1z5d,0 1
c11h5,0 1
hevwx,0 1
lt70h,0 1
k6vmu,0 1
agbj1,0 1
uq7eu,0 1
myz4h,0 1
y8iyy,0 1
3n3w3,0 1
1rpla,0 1
7r24e,0 1
hprdn,0 1
z9g6f,0 1
kch6i,0 1
azwyh,0 1
iu4ac,0 1
3ioxc,0 1
d6pf7,0 1
atv1b,0 1
01xna,0 1
fsrdf,0 1
dw8vd,0 1
5f3e3,0 1
oorf9,0 1
eohae,0 1
xxjzy,0 1
qtpxr,0 1
wti4c,0 1
tapvh,0 1
a0jcl,0 1
x9h5t,0 1
p2fu6,0 1
m184g,0 1
o5czj,0 1
8q0sx,0 1
f3hsw,0 1
8hrso,0 1
9a3b4,0 1
3pnkz,0 1
adq5r,0 1
rr70i,0 1
6d48h,0 1
nbgwx,0 1
gneu5,0 1
9vhjm,0 1
wzx53,0 1
o9k0f,0 1
lp94d,0 1
x0shm,0 1
6ftbl,0 1
uoujh,0 1
86avy,0 1
xujaz,0 1
7yxz3,0 1
u35fn,0 1
g46wb,0 1
yq91x,0 1
ol8bc,0 1
1gggi,0 1
w877b,0 1
vv7qp,0 1
jwq7i,0 1
q29pz,0 1
rzhv3,0 1
gjyj0,0 1
zp2n4,0 1
h130j,0 1
gs74w,0 1
5ueub,0 1
3ycfj,0 1
3wjx8,0 1
z3tro,0 1
ox85l,0 1
jmknt,0 1
43d8y,0 1
434l2,0 1
fx4wy,0 1
ggzsa,0 1
rhfbm,0 1
irobc,0 1
ovkn9,0 1
jfgsy,0 1
ecgua,0 1
51c5z,0 1
tn14w,0 1
79nlg,0 1
rmo57,0 1
wgmn6,0 1
hvck2,0 1
spwud,0 1
w2wyd,0 1
cpz5d,0 1
tky3v,0 1
0bb5j,0 1
3g9ft,0 1
ua38o,0 1
fg5fo,0 1
zo9lu,0 1
429wm,0 1
3y3ag,0 1
3z957,0 1
jzgxn,0 1
56qjx,0 1
4hjgz,0 1
wpi1t,0 1
x0y7k,0 1
iw8y5,0 1
luc9g,0 1
iak5f,0 1
ciclg,0 1
7eija,0 1
sity2,0 1
8xc56,0 1
kj84y,0 1
6ucdi,0 1
w25pz,0 1
2jnua,0 1
tznc5,0 1
f2krj,0 1
f6zvh,0 1
ese54,0 1
d456h,0 1
hbw4u,0 1
fjohz,0 1
h2f65,0 1
jzjh1,0 1
gosx9,0 1
nh0ob,0 1
psc3r,0 1
d1xyq,0 1
47iea,0 1
6imyd,0 1
75b85,0 1
xdn0c,0 1
91ovn,0 1
clkjx,0 1
97k7b,0 1
9hhw8,0 1
n5sv4,0 1
nzvc2,0 1
mubjp,0 1
x5ff4,0 1
5q6cx,0 1
4yuxg,0 1
415nw,0 1
kh3dx,0 1
wtb6r,0 1
vx3pp,0 1
vi195,0 1
lzg2s,0 1
3e0h5,0 1
a0mid,0 1
xzxa1,0 1
wyxpg,0 1
84y28,0 1
x3zqs,0 1
tb6i6,0 1
i1mw7,0 1
z2wlg,0 1
yfjvo,0 1
kj9dp,0 1
uzt7m,0 1
8s46a,0 1
wrv8t,0 1
6h5jj,0 1
9devm,0 1
divk5,0 1
c7r2e,0 1
5lmaz,0 1
yijm1,0 1
0nor3,0 1
iyr4r,0 1
mkgoi,0 1
crh7n,0 1
yeeud,0 1
48egz,0 1
17z81,0 1
9d06d,0 1
wpacg,0 1
u1wo0,0 1
tzyvn,0 1
gf18h,0 1
93uxc,0 1
jl1na,0 1
qku51,0 1
6k4c1,0 1
tmjp0,0 1
3kjwx,0 1
pqh3k,0 1
wkfgr,0 1
z31e4,0 1
fk29v,0 1
g307y,0 1
hvme2,0 1
vu9nu,0 1
7dzxi,0 1
zc60h,0 1
fe3hc,0 1
e5vhu,0 1
17r6t,0 1
03abe,0 1
10bov,0 1
j3ipq,0 1
5556b,0 1
o1t1c,0 1
7kyv4,0 1
zbvj3,0 1
eoj7t,0 1
jdmyj,0 1
gyj8g,0 1
yzkkr,0 1
rv5xc,0 1
zrlqr,0 1
31b6n,0 1
tavym,0 1
rpxrq,0 1
puxno,0 1
2bzfd,0 1
wxtjq,0 1
oxuw8,0 1
cq2qd,0 1
erg46,0 1
qjj9q,0 1
wyxa0,0 1
mim31,0 1
hfb1i,0 1
xq0on,0 1
b1k1t,0 1
3t96u,0 1
62ddc,0 1
ddulm,0 1
1w8md,0 1
03r17,0 1
869or,0 1
pu047,0 1
wxx41,0 1
am5iz,0 1
owetu,0 1
m2sb5,0 1
u6aoq,0 1
i0vax,0 1
y66fs,0 1
k7j5p,0 1
j2o93,0 1
ccpcs,0 1
ojvp7,0 1
t7g4p,0 1
y7wf6,0 1
a69m2,0 1
mzys2,0 1
q0g8e,0 1
2u7o2,0 1
6swbi,0 1
2wpse,0 1
7u90q,0 1
8gydx,0 1
hl3ox,0 1
anvl6,0 1
ucqtf,0 1
w550g,0 1
vh2at,0 1
oe94x,0 1
3jmy2,0 1
81ddq,0 1
30mk5,0 1
hbjm2,0 1
nq1jn,0 1
y1z8c,0 1
bpizu,0 1
i4763,0 1
43iya,0 1
l2mpl,0 1
j0leq,0 1
wqpgo,0 1
4i9q7,0 1
t1lhj,0 1
gb5gi,0 1
lrky8,0 1
f2wqi,0 1
nbvzp,0 1
vfblm,0 1
mfan3,0 1
5g6f5,0 1
6a5og,0 1
37w2q,0 1
c6cvd,0 1
9gbpq,0 1
zpgnw,0 1
pmgjf,0 1
6q8yz,0 1
na82r,0 1
intwx,0 1
szlzv,0 1
r85xo,0 1
gnz4g,0 1
qpa10,0 1
ghkzh,0 1
26mw1,0 1
dkq4c,0 1
z7aoi,0 1
82spq,0 1
jc2b0,0 1
bmtql,0 1
lths7,0 1
c1w6m,0 1
9dgvs,0 1
ea7d9,0 1
l3hau,0 1
vz025,0 1
7hb5e,0 1
gug87,0 1
w6dr9,0 1
tiyr4,0 1
knsjf,0 1
eb778,0 1
fzgcp,0 1
1hogx,0 1
fcpsw,0 1
myum3,0 1
al1re,0 1
9ko4e,0 1
ykpcw,0 1
dv4ut,0 1
dzxdj,0 1
tt5wa,0 1
8ww71,0 1
iou96,0 1
77s1i,0 1
f5m93,0 1
r7ry8,0 1
ppcss,0 1
3w0jg,0 1
bjwid,0 1
4szcq,0 1
cowvm,0 1
wce1y,0 1
mlqbh,0 1
io3gm,0 1
2ro73,0 1
s0lv0,0 1
9nzo1,0 1
h92gy,0 1
ojgba,0 1
x1uzt,0 1
1y8tp,0 1
ue5i9,0 1
ac984,0 1
xbqw4,0 1
nkmjp,0 1
ywhuu,0 1
ufgpx,0 1
ox0s5,0 1
0jqwa,0 1
vy1qz,0 1
kuz3r,0 1
vmzig,0 1
tpxk7,0 1
3gyd6,0 1
r9d2m,0 1
iycfy,0 1
g59l1,0 1
lv5vw,0 1
jadao,0 1
2af55,0 1
zbomc,0 1
a80ys,0 1
lfj12,0 1
78qog,0 1
t8arg,0 1
1062v,0 1
jf10m,0 1
x9k7h,0 1
thd15,0 1
zjfqf,0 1
q4fhn,0 1
pw5lk,0 1
xyoh5,0 1
ckvr8,0 1
5foyq,0 1
bdaf8,0 1
jd12m,0 1
hpkyh,0 1
kyzbk,0 1
sz348,0 1
sxx8k,0 1
exjeu,0 1
c6ion,0 1
9qowq,0 1
mwfip,0 1
zkqro,0 1
s2q1f,0 1
o5zu2,0 1
jj7tg,0 1
4kw10,0 1
mmxnu,0 1
slwac,0 1
ry2dm,0 1
7syw5,0 1
4rnw2,0 1
r1ic1,0 1
i3k8l,0 1
dss4l,0 1
0cjt6,0 1
mgtt1,0 1
5y5im,0 1
7xtyf,0 1
5ldmo,0 1
36qs0,0 1
58u3v,0 1
hm4f7,0 1
82mhv,0 1
iwblp,0 1
yhinz,0 1
0gjxh,0 1
4vnmf,0 1
xjkry,0 1
skwlo,0 1
ucqyz,0 1
jgcsq,0 1
pqarr,0 1
lbw8z,0 1
l7mpj,0 1
eptt6,0 1
b61l1,0 1
84kem,0 1
7qhot,0 1
e7oso,0 1
xqydv,0 1
l9nts,0 1
mrlq4,0 1
8gwek,0 1
6r3ta,0 1
ykkgw,0 1
pfio2,0 1
56c9s,0 1
ecwlm,0 1
0g3g5,0 1
h65ms,0 1
1vlaf,0 1
pnfcl,0 1
p145h,0 1
r0i10,0 1
idvyp,0 1
jno65,0 1
uizhy,0 1
52g9y,0 1
zko11,0 1
mqh19,0 1
90m0g,0 1
o237n,0 1
t3xno,0 1
3mw18,0 1
uwx81,0 1
cen33,0 1
nzwzv,0 1
cbr98,0 1
uv4s1,0 1
jv3oi,0 1
rvbt0,0 1
89cgr,0 1
xvvfa,0 1
e39uf,0 1
gp4hv,0 1
q8ejt,0 1
r1lda,0 1
p7bev,0 1
dzdx8,0 1
w2qsg,0 1
17tr6,0 1
8ueeg,0 1
oubfk,0 1
qrul3,0 1
1krdm,0 1
7bp7s,0 1
l0qvr,0 1
u3d44,0 1
862yj,0 1
pderl,0 1
mrzm3,0 1
v73ky,0 1
d3kvt,0 1
xcs9o,0 1
4yppu,0 1
eja2l,0 1
7v4mc,0 1
uerk8,0 1
vz4rg,0 1
39ofe,0 1
bqqui,0 1
p9el7,0 1
j6em3,0 1
av3w0,0 1
i9zwl,0 1
if2fj,0 1
l00ri,0 1
5hcj4,0 1
n8vld,0 1
w40yr,0 1
qgwxf,0 1
dfbyp,0 1
7upj0,0 1
w99o5,0 1
ejyb1,0 1
gb332,0 1
rbq05,0 1
i657q,0 1
xn4az,0 1
4olqa,0 1
81p5b,0 1
3moxb,0 1
z8o55,0 1
lq3qj,0 1
7y6dk,0 1
nx2kc,0 1
yy7ux,0 1
q7wb2,0 1
7g71x,0 1
gqdsb,0 1
d8llm,0 1
he2i5,0 1
fjs2r,0 1
u88yb,0 1
tmzps,0 1
zdy7d,0 1
v6jd4,0 1
b9z6y,0 1
6s5cs,0 1
zje99,0 1
lp8ap,0 1
9twgu,0 1
vfl3u,0 1
ez81d,0 1
8v9dx,0 1
ddi1h,0 1
yegfv,0 1
lnfm3,0 1
gt4th,0 1
r2cfa,0 1
y2dtu,0 1
3as6z,0 1
1fpiv,0 1
l9ywr,0 1
g1fie,0 1
ban8p,0 1
84we9,0 1
nahj9,0 1
97nwf,0 1
1xnjb,0 1
5lt1n,0 1
7hfln,0 1
2uq1l,0 1
fgkha,0 1
negml,0 1
qgklp,0 1
21mo8,0 1
qet8n,0 1
qhoqx,0 1
34e9f,0 1
2jebx,0 1
su89g,0 1
0q8ip,0 1
lbz8c,0 1
oxfju,0 1
0rlv5,0 1
wca0f,0 1
60dqw,0 1
f4mlv,0 1
5n03x,0 1
7jl78,0 1
9gitm,0 1
3pvl6,0 1
yfiqo,0 1
1gtnk,0 1
noifg,0 1
icwxu,0 1
n0ewl,0 1
9247c,0 1
jsod8,0 1
diqtn,0 1
uuydw,0 1
nna99,0 1
c18h5,0 1
j3cr6,0 1
w117e,0 1
dwxir,0 1
m470j,0 1
fttqf,0 1
wqgct,0 1
ww7cw,0 1
5uil6,0 1
fpq36,0 1
s9h09,0 1
a7cnl,0 1
x5nbz,0 1
mdz2u,0 1
7q09q,0 1
9gc5s,0 1
xh28u,0 1
s7z7k,0 1
iylkj,0 1
1u5tq,0 1
ix139,0 1
4h5nb,0 1
1w7zl,0 1
2r62y,0 1
vi594,0 1
cechm,0 1
lfja8,0 1
0c34c,0 1
rutkm,0 1
uzuaq,0 1
2tcqw,0 1
hzfsg,0 1
9i1s7,0 1
kgrim,0 1
xm98v,0 1
xa2d9,0 1
kucz5,0 1
hkp6a,0 1
1s39x,0 1
nvmvd,0 1
4lksr,0 1
t9v10,0 1
hmtai,0 1
iqm7y,0 1
3yb0v,0 1
7r44m,0 1
jbv9i,0 1
2y7g8,0 1
ehsse,0 1
uy2iq,0 1
dnnrb,0 1
w0n3k,0 1
la3es,0 1
rehu6,0 1
71vj7,0 1
gbhb7,0 1
4dcfc,0 1
h4a2g,0 1
b7lys,0 1
0n2gl,0 1
hrvwc,0 1
nh37i,0 1
0w1pz,0 1
3xvu8,0 1
1zlag,0 1
bhqw3,0 1
6e7tr,0 1
0dcxt,0 1
tewl1,0 1
sftl1,0 1
i05du,0 1
f86d1,0 1
xq1zs,0 1
cbiah,0 1
vqdno,0 1
42mtf,0 1
mdckp,0 1
u4wbx,0 1
fd4bn,0 1
fl5hu,0 1
1oimj,0 1
2cz0e,0 1
v2gxh,0 1
yldlh,0 1
irify,0 1
csypd,0 1
gctqg,0 1
yveji,0 1
6gk0c,0 1
vc6hv,0 1
zz94y,0 1
pynxg,0 1
nt74y,0 1
1nmxl,0 1
zb9s5,0 1
dzdxo,0 1
1bmtv,0 1
wao24,0 1
3waiz,0 1
v0ta8,0 1
n1lcq,0 1
7b1g9,0 1
jbnws,0 1
puhin,0 1
4uu4l,0 1
n7xu9,0 1
lm9se,0 1
yut0m,0 1
et5yj,0 1
2dxmq,0 1
y775t,0 1
7480j,0 1
2hh3y,0 1
h3jba,0 1
jphro,0 1
un9ps,0 1
k954p,0 1
d4t7b,0 1
f361l,0 1
dyeyq,0 1
m9n25,0 1
1zhp9,0 1
93n6x,0 1
lu0qt,0 1
toke7,0 1
js0n2,0 1
o4xhk,0 1
mcyf3,0 1
athhg,0 1
998g0,0 1
n5qtj,0 1
lvg3i,0 1
figj9,0 1
lca3h,0 1
eir51,0 1
tle8t,0 1
gilb0,0 1
aiswk,0 1
m4dcp,0 1
h0nas,0 1
wp03k,0 1
rkf62,0 1
991hg,0 1
gxwbo,0 1
1e1q4,0 1
hmxa4,0 1
poalz,0 1
q5wsc,0 1
5ofaq,0 1
0ba1q,0 1
5bsdg,0 1
y4ub8,0 1
usytq,0 1
xx09b,0 1
14m5t,0 1
rhzkz,0 1
x99qk,0 1
vrcv8,0 1
sx6fb,0 1
v9p6i,0 1
2duks,0 1
3touq,0 1
70vjq,0 1
om78n,0 1
iyeiz,0 1
z53po,0 1
wh8xi,0 1
rhqv4,0 1
5nu2k,0 1
rv5ax,0 1
1abjw,0 1
kjaf5,0 1
ofbvk,0 1
5kilg,0 1
2r03f,0 1
ijbk3,0 1
zh20z,0 1
h9cqo,0 1
qi419,0 1
trej7,0 1
ynplu,0 1
jbiiy,0 1
3vlpq,0 1
2rbq2,0 1
1xw8y,0 1
wpeuc,0 1
kafuz,0 1
61fbc,0 1
xs5i2,0 1
0tx4i,0 1
6i8pj,0 1
bewrp,0 1
wvt49,0 1
4ywi3,0 1
chpbr,0 1
sqr5z,0 1
4ry4e,0 1
1n6fc,0 1
vewjf,0 1
zhf7v,0 1
fo053,0 1
hskbn,0 1
orxi1,0 1
vsyq4,0 1
koa0g,0 1
by166,0 1
6zqov,0 1
61c8a,0 1
dkglk,0 1
kpegk,0 1
gcod8,0 1
qnz5u,0 1
3b2vd,0 1
shop2,0 1
a4mf8,0 1
ttopg,0 1
0gcnb,0 1
unes3,0 1
sy8dp,0 1
pbbnh,0 1
443tq,0 1
nb57k,0 1
sar5o,0 1
8zjo4,0 1
8wr26,0 1
j5os6,0 1
qbkfq,0 1
0i8c9,0 1
tcjhn,0 1
xbdq8,0 1
dc4ky,0 1
xb6bk,0 1
uhlkf,0 1
cn0o1,0 1
rqzhw,0 1
mcmq0,0 1
kullt,0 1
8dmfp,0 1
5it1e,0 1
6mj1z,0 1
gcodg,0 1
i0866,0 1
zct1r,0 1
le8kl,0 1
506p9,0 1
nla8n,0 1
o1gcr,0 1
kge2m,0 1
c6taf,0 1
nm365,0 1
m5m54,0 1
g6rcw,0 1
tibnp,0 1
n0nkq,0 1
3gj03,0 1
c67tn,0 1
7bati,0 1
vm9y4,0 1
wwpxe,0 1
hehkl,0 1
qaw60,0 1
4k1h7,0 1
36b7y,0 1
6z1dv,0 1
576sq,0 1
kqbsq,0 1
6vj4b,0 1
419h4,0 1
r3f4b,0 1
3xvvk,0 1
gjkyb,0 1
65s31,0 1
c3w1t,0 1
y38q4,0 1
tvw3w,0 1
kr79x,0 1
5b529,0 1
qgdt5,0 1
1kucw,0 1
wywlp,0 1
x3vx8,0 1
2bnsg,0 1
e5l1f,0 1
b9ahr,0 1
0lxsm,0 1
tf94e,0 1
6kn3s,0 1
s3zcv,0 1
nvawg,0 1
060z9,0 1
6y8x0,0 1
wvv11,0 1
oluvd,0 1
cy7ja,0 1
oeuaq,0 1
ytlf7,0 1
c4xwl,0 1
whvqb,0 1
hrej4,0 1
zxkba,0 1
z805u,0 1
u1245,0 1
kqrox,0 1
222eu,0 1
nrbmw,0 1
x2t05,0 1
y1vxm,0 1
0vzaw,0 1
j71xx,0 1
7uya9,0 1
36kuj,0 1
gvxt9,0 1
cgefn,0 1
siatn,0 1
djzr5,0 1
xpeg1,0 1
7et92,0 1
b9l3r,0 1
savvr,0 1
e87ac,0 1
ieu86,0 1
1fj90,0 1
07pa3,0 1
7gw1l,0 1
dkprz,0 1
elmw3,0 1
tnkjn,0 1
24c6e,0 1
7g1h5,0 1
p0qni,0 1
yboic,0 1
yg3rk,0 1
but7g,0 1
2jhgk,0 1
11m1q,0 1
qfe58,0 1
8he6j,0 1
mrlec,0 1
lq5v5,0 1
ourfy,0 1
1sw07,0 1
o2svq,0 1
int4j,0 1
s6bvf,0 1
rdkhz,0 1
6dt7k,0 1
4odq6,0 1
61qy0,0 1
0kjy0,0 1
tdrx9,0 1
y47n0,0 1
gizh7,0 1
1lplq,0 1
1446v,0 1
u8ds6,0 1
yn476,0 1
da19d,0 1
a3whh,0 1
u0o5u,0 1
5dsc5,0 1
b78l6,0 1
hd7v8,0 1
5658l,0 1
q9hcr,0 1
fvxyl,0 1
zrvb7,0 1
h8y8y,0 1
icwj8,0 1
d602j,0 1
qb8vs,0 1
t1jqs,0 1
97xti,0 1
jys4q,0 1
purn6,0 1
v84el,0 1
ibzzp,0 1
9del4,0 1
ias62,0 1
7vw8d,0 1
scdwf,0 1
c7p0k,0 1
1tojy,0 1
h2yhn,0 1
2sqg9,0 1
mjz7z,0 1
nz6mw,0 1
4xy5t,0 1
i0asz,0 1
2787w,0 1
0qbim,0 1
18oud,0 1
sj5cl,0 1
swh5l,0 1
mx6tm,0 1
il2gt,0 1
2j69i,0 1
k4jtw,0 1
n87p9,0 1
pm9gu,0 1
n1e2c,0 1
eikzv,0 1
v36xc,0 1
ukiwd,0 1
81so6,0 1
v0vab,0 1
h52n9,0 1
6j50m,0 1
6fpfg,0 1
cuwya,0 1
2160g,0 1
zvmqv,0 1
8vbbf,0 1
38sob,0 1
w6j12,0 1
ql2np,0 1
iibyr,0 1
1wg0l,0 1
anj04,0 1
5bfon,0 1
gk2yg,0 1
msp3c,0 1
vquaq,0 1
b8ein,0 1
jedfj,0 1
916ws,0 1
zc2c4,0 1
q9zrr,0 1
432m1,0 1
1cl5c,0 1
x9b76,0 1
0f5uu,0 1
aryt5,0 1
dqb91,0 1
9bim3,0 1
if75z,0 1
ayddz,0 1
5igg6,0 1
3dk15,0 1
17tj9,0 1
v34px,0 1
5eyv3,0 1
vie81,0 1
pi1ql,0 1
nxc3t,0 1
wlg0o,0 1
gw46x,0 1
n5703,0 1
mb20m,0 1
yyf4t,0 1
lgicn,0 1
2keza,0 1
2iwdr,0 1
ql2hr,0 1
cxv7v,0 1
r0754,0 1
xq725,0 1
88rfl,0 1
kjwf3,0 1
xsmpx,0 1
xugap,0 1
uuply,0 1
1p9yv,0 1
b3xpz,0 1
rxjxm,0 1
xm7z8,0 1
7747e,0 1
5om2d,0 1
dtrjw,0 1
awqoc,0 1
fv7ke,0 1
1u4s7,0 1
i6dyz,0 1
34zlj,0 1
bheww,0 1
kqbwd,0 1
db0nx,0 1
chks8,0 1
giycz,0 1
f40cl,0 1
6wnel,0 1
wt0tb,0 1
7pcfo,0 1
lr7ab,0 1
cq625,0 1
fyen4,0 1
n3g35,0 1
sezle,0 1
p11l0,0 1
tl2dh,0 1
2j50w,0 1
i9pwn,0 1
uwsxh,0 1
nsdz5,0 1
u8gnn,0 1
soc84,0 1
1gdrn,0 1
1wu1y,0 1
t7efm,0 1
mhcfo,0 1
xsp0l,0 1
9v6o4,0 1
3ue19,0 1
4brka,0 1
cbond,0 1
feajy,0 1
uhzcu,0 1
0i4df,0 1
lctmq,0 1
6xtp9,0 1
20e2h,0 1
lqf82,0 1
o2hhj,0 1
3i6vv,0 1
npq37,0 1
geyyj,0 1
d7jxk,0 1
egr0s,0 1
xx4i9,0 1
9gmks,0 1
t22hc,0 1
7214a,0 1
kdu1o,0 1
1dkm3,0 1
3hbff,0 1
8kqrd,0 1
2odnw,0 1
frb2w,0 1
883s5,0 1
z405p,0 1
ymumf,0 1
3w77q,0 1
gmc8u,0 1
3klb5,0 1
pqdu0,0 1
fo2qk,0 1
cm37g,0 1
ofkmg,0 1
og2tz,0 1
3kmav,0 1
run9p,0 1
xl4f3,0 1
wr30y,0 1
y5jbq,0 1
4faz5,0 1
gfbu5,0 1
gmrv5,0 1
0hbu6,0 1
pa4vz,0 1
am98z,0 1
sye49,0 1
m1r38,0 1
mkcty,0 1
1mbi6,0 1
iah3r,0 1
xivdq,0 1
un424,0 1
owzgw,0 1
jmcz5,0 1
85obb,0 1
7bn8y,0 1
lusma,0 1
f91op,0 1
demsz,0 1
w6ca4,0 1
v24xr,0 1
e4f4g,0 1
vtzmt,0 1
nbfv1,0 1
ms4ko,0 1
cb0gs,0 1
ocjyt,0 1
7oxcl,0 1
mwdk0,0 1
ymwon,0 1
2lj2s,0 1
aidi1,0 1
kzi8e,0 1
lu5wx,0 1
33nab,0 1
ujavz,0 1
iaa35,0 1
tw3kn,0 1
oer8j,0 1
1l2c3,0 1
erq1p,0 1
0dho4,0 1
qjudh,0 1
77z74,0 1
h8ru4,0 1
xdrof,0 1
87fmd,0 1
q0uqx,0 1
emukv,0 1
e7znk,0 1
ur7jm,0 1
jcusj,0 1
rw0gd,0 1
51al5,0 1
rejz6,0 1
8yupq,0 1
pdkel,0 1
75y9t,0 1
49u1g,0 1
qbiw8,0 1
l1sdr,0 1
hkdrr,0 1
8g1ci,0 1
qhg1w,0 1
bu0jf,0 1
cwll3,0 1
ui3zn,0 1
z5yft,0 1
uu151,0 1
up39m,0 1
mlp9e,0 1
lmxbx,0 1
1in0r,0 1
ijlcx,0 1
uk1fn,0 1
hh8f6,0 1
o0d8g,0 1
e604p,0 1
y10kv,0 1
507rl,0 1
c7mpv,0 1
n0nsy,0 1
jhhx9,0 1
wux5d,0 1
ahvrx,0 1
k0bbv,0 1
t5yre,0 1
mmpuy,0 1
jtxew,0 1
d09yq,0 1
oa2mj,0 1
803z2,0 1
a2615,0 1
u07xl,0 1
ibg9q,0 1
47lte,0 1
df4jh,0 1
g803w,0 1
qxkys,0 1
66law,0 1
gc5go,0 1
uub8f,0 1
89w18,0 1
8qks7,0 1
z30j6,0 1
z6ryy,0 1
u9hc0,0 1
3v1pn,0 1
367av,0 1
jzk83,0 1
uuxsd,0 1
v3fjr,0 1
nzuau,0 1
lo7dm,0 1
e5592,0 1
klpd0,0 1
b24b1,0 1
ghqyu,0 1
5y1wh,0 1
p1cb8,0 1
bj4kp,0 1
3r92v,0 1
3h6ej,0 1
h07be,0 1
aq7wr,0 1
cw30e,0 1
4x6kq,0 1
i4q47,0 1
lezpm,0 1
y5wkc,0 1
yldu2,0 1
87w2y,0 1
02j3l,0 1
p9km0,0 1
3elkm,0 1
ecsfl,0 1
p3us4,0 1
tkbbs,0 1
jh0ct,0 1
c0o10,0 1
th8fa,0 1
6igsz,0 1
1jn5e,0 1
zb9zg,0 1
7sn9u,0 1
pxivl,0 1
9fpf2,0 1
4ox3x,0 1
1myfz,0 1
unpwf,0 1
50fws,0 1
3ws28,0 1
9t6is,0 1
65h2x,0 1
gnhm5,0 1
x3t55,0 1
gff0e,0 1
mk5l7,0 1
gch1r,0 1
mrycj,0 1
gqylv,0 1
rhgkx,0 1
apws5,0 1
bm5k2,0 1
2yo7t,0 1
xg8iw,0 1
9ptv1,0 1
jk4iv,0 1
c4idq,0 1
pc59p,0 1
gfz7q,0 1
biaf0,0 1
t1yfu,0 1
kd5tb,0 1
1njfc,0 1
oocv7,0 1
5ymi2,0 1
5avvn,0 1
k8vk6,0 1
ary2w,0 1
k18o6,0 1
1em5x,0 1
4n6jy,0 1
jlrs4,0 1
ud725,0 1
lnqk4,0 1
3f3je,0 1
any1l,0 1
27l5m,0 1
zb98e,0 1
hq81o,0 1
kjcrk,0 1
0x14f,0 1
arsbu,0 1
tnf61,0 1
mbdqk,0 1
26f7f,0 1
xsdax,0 1
97x3a,0 1
x9zrr,0 1
if5ux,0 1
gt26e,0 1
t3hzj,0 1
l51or,0 1
lh6hx,0 1
hs7n4,0 1
x19es,0 1
i4tpr,0 1
8ccqt,0 1
1qfgr,0 1
zewd8,0 1
a5um9,0 1
txhxo,0 1
d931p,0 1
q6hrs,0 1
013mz,0 1
mtjf8,0 1
wy3wv,0 1
1c6r5,0 1
iall2,0 1
a9ptl,0 1
2r5aw,0 1
fdg17,0 1
adrc5,0 1
j0z74,0 1
dpkbx,0 1
b3bo6,0 1
9h0vz,0 1
a6wi9,0 1
trlpa,0 1
uykmk,0 1
d0gi1,0 1
vq2s9,0 1
pq0ql,0 1
4sk2f,0 1
ninus,0 1
xxmn8,0 1
ythol,0 1
pj113,0 1
brrrk,0 1
5dz64,0 1
g7w6k,0 1
xki29,0 1
phqoo,0 1
4hda6,0 1
bimvc,0 1
9ssg6,0 1
d78rk,0 1
vyy2d,0 1
0843b,0 1
oirmn,0 1
7c9qu,0 1
j0pwp,0 1
risxe,0 1
7whod,0 1
x4e66,0 1
jk8zv,0 1
465tb,0 1
zo7c7,0 1
bmp40,0 1
j154d,0 1
5shzc,0 1
aem5f,0 1
voob4,0 1
zzytq,0 1
043ed,0 1
3nyvi,0 1
vg7aw,0 1
ant0u,0 1
j5nen,0 1
ijn8p,0 1
iftp1,0 1
jo2tl,0 1
qwiuc,0 1
g0z3i,0 1
wfk75,0 1
56p2s,0 1
1edeo,0 1
zo9s5,0 1
pdr0r,0 1
agobx,0 1
x9weu,0 1
pxh8a,0 1
jrek1,0 1
yhsai,0 1
3w1zw,0 1
q9j3f,0 1
1o0og,0 1
ygai6,0 1
8a6kj,0 1
1upv1,0 1
amq9r,0 1
nidta,0 1
9lcp3,0 1
5lpve,0 1
jtniy,0 1
vwkn8,0 1
paamz,0 1
xolrx,0 1
iaa8a,0 1
yublx,0 1
jlyg8,0 1
rhg9y,0 1
2vg97,0 1
ow0sh,0 1
hox4w,0 1
5cn1e,0 1
r1a6v,0 1
i1yd8,0 1
0j7bj,0 1
avjf6,0 1
ogc9k,0 1
g8t4w,0 1
u0fxo,0 1
is1pv,0 1
098mo,0 1
t77s8,0 1
qnkb0,0 1
fv1lo,0 1
db0u6,0 1
tms6j,0 1
tphup,0 1
n9twk,0 1
iootb,0 1
v0fmp,0 1
c1ztf,0 1
mtv05,0 1
xgthd,0 1
1y5vt,0 1
txk8z,0 1
57tjc,0 1
x1hh9,0 1
md70u,0 1
jl8yh,0 1
rvahm,0 1
1xyh3,0 1
vfc8p,0 1
es9cy,0 1
v1kqc,0 1
s7phe,0 1
tee75,0 1
54xb0,0 1
76528,0 1
qzr1l,0 1
dd7sj,0 1
2h8w4,0 1
5oc0s,0 1
9pe81,0 1
4gz15,0 1
xxfop,0 1
b1fim,0 1
jhkv0,0 1
p6bkb,0 1
63qut,0 1
6byap,0 1
1xf0i,0 1
47rxr,0 1
igmp6,0 1
k196j,0 1
5zm30,0 1
rf6yi,0 1
51lv6,0 1
sj8cd,0 1
tsq9s,0 1
tqtt4,0 1
bxnhl,0 1
zy0ad,0 1
kpb7v,0 1
63q9y,0 1
28onu,0 1
eywgd,0 1
t1lce,0 1
f5889,0 1
jt0iq,0 1
ntora,0 1
8l10k,0 1
0mysm,0 1
k2wrf,0 1
cycyp,0 1
043rn,0 1
3z7el,0 1
7cuus,0 1
g1m85,0 1
7lmth,0 1
brzls,0 1
815gn,0 1
ojrn7,0 1
1dq78,0 1
jnxi2,0 1
iagwk,0 1
u9tc4,0 1
04bg9,0 1
b6h1s,0 1
mhkus,0 1
illfh,0 1
s5ecp,0 1
6oe8f,0 1
62oam,0 1
y77o5,0 1
eqsh2,0 1
rsulv,0 1
p6n2t,0 1
o92hu,0 1
4y9h7,0 1
almay,0 1
1y9nv,0 1
3lc3c,0 1
hl5n5,0 1
42vy1,0 1
2o9kc,0 1
n2arf,0 1
p1p0h,0 1
xm28w,0 1
1zdc8,0 1
tn1o1,0 1
kd8pn,0 1
zcxj4,0 1
4vgk8,0 1
6nl1z,0 1
lwuwl,0 1
zc99q,0 1
v85zh,0 1
fw21n,0 1
g0v53,0 1
j87hi,0 1
r9f84,0 1
xbqbq,0 1
zx17e,0 1
b8p3a,0 1
00zob,0 1
ng4l9,0 1
rerrr,0 1
awq2e,0 1
tgfju,0 1
u3szf,0 1
bvzye,0 1
z282x,0 1
5ziac,0 1
ia2nk,0 1
933vj,0 1
xfldp,0 1
lxsl6,0 1
u5emz,0 1
aihk7,0 1
il8y3,0 1
r5klx,0 1
mcl1f,0 1
nnuhz,0 1
6zne9,0 1
snmbm,0 1
aj0w8,0 1
0s13w,0 1
xn9v2,0 1
crnn0,0 1
vtnw7,0 1
jt8u3,0 1
m0p2m,0 1
3buec,0 1
8kznz,0 1
q7z64,0 1
i8190,0 1
zrwx1,0 1
ef44f,0 1
64jku,0 1
1st4l,0 1
rjej4,0 1
jzgth,0 1
uya9p,0 1
9rf1o,0 1
bzer2,0 1
nxvzb,0 1
f7wo5,0 1
f9wzg,0 1
tmc47,0 1
sdw30,0 1
k92rd,0 1
uu96p,0 1
2br4g,0 1
03e61,0 1
lefmz,0 1
e0p0a,0 1
voy6r,0 1
p77dk,0 1
hnbot,0 1
z1fxg,0 1
d8dqh,0 1
5saxv,0 1
i15wr,0 1
abjhc,0 1
usxnu,0 1
td2m5,0 1
avidt,0 1
r9ga9,0 1
qpdh8,0 1
cp7hp,0 1
g4od2,0 1
vhcra,0 1
bghsn,0 1
jubd8,0 1
a0gr5,0 1
4g181,0 1
auqqi,0 1
y06ww,0 1
idtdd,0 1
1c942,0 1
vlcgm,0 1
99lh9,0 1
k1rck,0 1
rhup3,0 1
b4wfj,0 1
lqzah,0 1
iv5cu,0 1
6xwa3,0 1
pema7,0 1
ju1la,0 1
1ka50,0 1
brego,0 1
77avy,0 1
igvq6,0 1
olx2v,0 1
mz03e,0 1
xv2p9,0 1
jzkm1,0 1
z0w2p,0 1
00kap,0 1
8ckgn,0 1
s935f,0 1
5nios,0 1
820c8,0 1
hewvx,0 1
9ectk,0 1
0hq37,0 1
r7fj6,0 1
lhfdh,0 1
htgu7,0 1
uowrf,0 1
do761,0 1
ljgu9,0 1
1yt28,0 1
9l0r0,0 1
08bgz,0 1
0qo0s,0 1
ls5hh,0 1
knn9x,0 1
fqk5a,0 1
s6exy,0 1
mfh8x,0 1
17q0a,0 1
090ou,0 1
c59zc,0 1
fmjit,0 1
4eq10,0 1
ujbhl,0 1
ukth7,0 1
q6ig9,0 1
6j0n7,0 1
0oxuz,0 1
829g7,0 1
cj1j5,0 1
pop7o,0 1
b2sz9,0 1
xstz1,0 1
m9qge,0 1
97jsx,0 1
h273n,0 1
x77hh,0 1
p73yd,0 1
d5l7z,0 1
8p8f8,0 1
arjke,0 1
rp9xj,0 1
r20t9,0 1
75f31,0 1
pod9n,0 1
xetu9,0 1
u7o2t,0 1
e04zs,0 1
qd7xx,0 1
4l9st,0 1
qhisq,0 1
1vfc0,0 1
huzks,0 1
g6oyu,0 1
ek6vv,0 1
omvn0,0 1
8lh09,0 1
tgt4q,0 1
x2mhj,0 1
7zb4f,0 1
vdr61,0 1
slru7,0 1
hfu82,0 1
e95gy,0 1
xxu3e,0 1
isvtr,0 1
38yzo,0 1
k96s8,0 1
u7uk2,0 1
lc5d6,0 1
audme,0 1
cbot4,0 1
g1a7c,0 1
i34oz,0 1
p5xjd,0 1
z0ib1,0 1
6exuy,0 1
b70x8,0 1
es6tk,0 1
1f9ca,0 1
hkjgg,0 1
2rvi7,0 1
e2l7k,0 1
gleo2,0 1
6me7z,0 1
wni19,0 1
981dc,0 1
p4k2g,0 1
pbccq,0 1
v5xx6,0 1
ouf7j,0 1
lgyky,0 1
skn5h,0 1
dbq5z,0 1
ocuhb,0 1
znfk8,0 1
qzldb,0 1
v62v9,0 1
ll910,0 1
hj8ac,0 1
932jp,0 1
dc0hj,0 1
8w5ck,0 1
n9xa5,0 1
0xh61,0 1
r4qd0,0 1
94qad,0 1
1jivg,0 1
0n9gp,0 1
5i1bu,0 1
9fcot,0 1
jte1r,0 1
szgdr,0 1
vv5g8,0 1
l60pg,0 1
bp21z,0 1
lakkp,0 1
m636s,0 1
qa84o,0 1
zhope,0 1
hwbwx,0 1
if4i4,0 1
kytda,0 1
q8nsi,0 1
0wp6h,0 1
vagzb,0 1
e055b,0 1
0x6up,0 1
hmjaa,0 1
v61aj,0 1
z44o3,0 1
i898z,0 1
zq8pa,0 1
n8cyw,0 1
b9umj,0 1
oou7t,0 1
xhdtu,0 1
7dff6,0 1
clzvo,0 1
rw9ar,0 1
fgly4,0 1
2tk3t,0 1
sodkg,0 1
6dh48,0 1
bfq2r,0 1
q36it,0 1
swuiq,0 1
8kksk,0 1
btd7f,0 1
i4oky,0 1
n0ipd,0 1
i95sm,0 1
eeo5p,0 1
x584u,0 1
vfrjz,0 1
wfw6y,0 1
90p5z,0 1
g1wgg,0 1
57a9d,0 1
oos95,0 1
3x06g,0 1
s5u8w,0 1
m9hp5,0 1
emlo3,0 1
k3uy1,0 1
74fnr,0 1
to1rf,0 1
a0sfj,0 1
kjmr0,0 1
aypff,0 1
1u9zx,0 1
hzhtx,0 1
1uj1z,0 1
94iph,0 1
5qo5j,0 1
acc4a,0 1
giefk,0 1
oaq4j,0 1
eevck,0 1
o1mea,0 1
agkuc,0 1
56v61,0 1
shk99,0 1
k8vbt,0 1
hd4su,0 1
ntfvb,0 1
kuffn,0 1
12m0g,0 1
vvfzp,0 1
qwqqz,0 1
q5unp,0 1
tju1z,0 1
hp6rd,0 1
f2z1m,0 1
5r85q,0 1
8621g,0 1
5v8hk,0 1
07wwe,0 1
229jg,0 1
ca1mj,0 1
x7pw1,0 1
kbwi6,0 1
x990n,0 1
2xhf7,0 1
p11ks,0 1
7xc7k,0 1
sf02e,0 1
j14e3,0 1
qbkzl,0 1
l508a,0 1
9uc2r,0 1
hjjzf,0 1
v8nl0,0 1
q5jik,0 1
82n3z,0 1
wl1bm,0 1
62p90,0 1
iloi9,0 1
hfbav,0 1
rg8lw,0 1
g926t,0 1
nzqp8,0 1
ii36z,0 1
8j6uu,0 1
rnqth,0 1
iaf3c,0 1
slw3a,0 1
33h2b,0 1
lmpu4,0 1
qbeuw,0 1
e4yku,0 1
p0wd4,0 1
b6aub,0 1
dewwi,0 1
i8hg5,0 1
pp2ol,0 1
efp74,0 1
x3pzs,0 1
mzs8l,0 1
6i243,0 1
odgul,0 1
j6qk4,0 1
0pfv2,0 1
r8vr8,0 1
bqiag,0 1
v4sqa,0 1
hqdhn,0 1
hh5p7,0 1
3wpz2,0 1
rwvv0,0 1
0gjy5,0 1
flfte,0 1
7086r,0 1
gjd0x,0 1
x8cut,0 1
yw40f,0 1
t3rgm,0 1
m2upe,0 1
fxdny,0 1
g5q9v,0 1
xopyv,0 1
8eypy,0 1
dvv56,0 1
ciuw2,0 1
o3n0p,0 1
d31al,0 1
fc8zi,0 1
7wfn0,0 1
l5xdw,0 1
qtr6u,0 1
9c41a,0 1
xfq9f,0 1
doyye,0 1
7911f,0 1
gzjcn,0 1
y8kg5,0 1
hlud3,0 1
9p18b,0 1
3adpr,0 1
5jmgp,0 1
ndn1k,0 1
76plh,0 1
astui,0 1
49eiq,0 1
7seh0,0 1
fiiys,0 1
69hee,0 1
3kdqz,0 1
1533h,0 1
6sj29,0 1
b4y4o,0 1
0ewuz,0 1
ojkx0,0 1
93yyt,0 1
p1n50,0 1
vozyg,0 1
xcsr9,0 1
mgrhw,0 1
rijhw,0 1
gu100,0 1
4lbgb,0 1
pl4xi,0 1
ray84,0 1
aoi9e,0 1
wm8jo,0 1
u6jkr,0 1
1cgue,0 1
pfjjx,0 1
arr9n,0 1
unp2m,0 1
q3cqc,0 1
1ei11,0 1
xvy0k,0 1
qn1ma,0 1
iutim,0 1
1quj1,0 1
eiuqt,0 1
pymq5,0 1
xgb0g,0 1
y1tru,0 1
sue2o,0 1
whnn1,0 1
bxlfk,0 1
lnut7,0 1
ormj7,0 1
lg2fu,0 1
q4l5s,0 1
9a7jw,0 1
s2awt,0 1
epd9f,0 1
ajs95,0 1
bnj4y,0 1
iwpmu,0 1
4lykc,0 1
oktr9,0 1
x1jzz,0 1
9nm70,0 1
549hd,0 1
oco49,0 1
ny193,0 1
7x0w3,0 1
5l9rd,0 1
57jlv,0 1
ir9vi,0 1
xn641,0 1
jhs7p,0 1
8b5py,0 1
7nuyx,0 1
nu1dr,0 1
xdgfi,0 1
8m5t7,0 1
w7l3k,0 1
ppion,0 1
ebtbj,0 1
z2ue0,0 1
74w0v,0 1
ntkxw,0 1
01bfx,0 1
tgyfe,0 1
7nx2n,0 1
assb2,0 1
8ynfo,0 1
cxswy,0 1
pm5o6,0 1
dy6lx,0 1
6klj4,0 1
0gvav,0 1
r4emg,0 1
gsna0,0 1
lu2hb,0 1
2wyv5,0 1
fsdre,0 1
fetnm,0 1
y6ltm,0 1
81pcm,0 1
rl87b,0 1
yscly,0 1
avjp9,0 1
hosvu,0 1
339m1,0 1
lrvd5,0 1
vzoor,0 1
63fvl,0 1
2e30y,0 1
ee1wx,0 1
em884,0 1
p03o8,0 1
ez2vm,0 1
x6b6t,0 1
rj0vq,0 1
vafp2,0 1
tt4nr,0 1
grj0g,0 1
80uqp,0 1
nuv1d,0 1
7n9s3,0 1
oy9py,0 1
hamoo,0 1
fecft,0 1
6sw6n,0 1
2eosl,0 1
8qjz5,0 1
nyhuz,0 1
4gdmq,0 1
y0c3y,0 1
vbqnp,0 1
4h94m,0 1
lyy2u,0 1
b7p9i,0 1
sl26k,0 1
9qfdg,0 1
g6d37,0 1
4vqix,0 1
2vpvp,0 1
47qe5,0 1
53cki,0 1
f259d,0 1
ly83r,0 1
lxjq1,0 1
9njqv,0 1
4ur0s,0 1
m8n8f,0 1
npm74,0 1
a6ous,0 1
fnml9,0 1
j0ng7,0 1
0grc1,0 1
lcnd1,0 1
jrjm9,0 1
3z4p5,0 1
z83i8,0 1
3ozg1,0 1
befu5,0 1
hvpkx,0 1
y18di,0 1
wcj4b,0 1
q17aw,0 1
crk0c,0 1
ayfc9,0 1
lbae3,0 1
wi2oe,0 1
9stwu,0 1
jhjyc,0 1
3x4qg,0 1
wje5i,0 1
728zx,0 1
uuoei,0 1
fh6yv,0 1
tqy4t,0 1
uv9rm,0 1
bw3w6,0 1
7om94,0 1
sbz3g,0 1
5zoyn,0 1
9nu13,0 1
n7mng,0 1
8uej1,0 1
iyofy,0 1
tiigu,0 1
cpn5p,0 1
0k8lt,0 1
lv8jc,0 1
37cue,0 1
aujwe,0 1
wmg7y,0 1
isnle,0 1
trgvc,0 1
qcxs0,0 1
klt7s,0 1
8q642,0 1
h5rc0,0 1
g0uvq,0 1
zfaak,0 1
7ebgc,0 1
cs8qf,0 1
ij5d9,0 1
f1nub,0 1
hhvge,0 1
bs8vr,0 1
musez,0 1
ea458,0 1
ssdxo,0 1
9yyoh,0 1
l5fad,0 1
93qh5,0 1
j6tg6,0 1
0ajif,0 1
ljds9,0 1
luapr,0 1
p2ydz,0 1
kclda,0 1
1mzrt,0 1
l2ihk,0 1
6w4d4,0 1
4mid0,0 1
tqjw8,0 1
pyu62,0 1
nk8gf,0 1
f9c6w,0 1
toqnb,0 1
m7dx9,0 1
mtuwz,0 1
ystit,0 1
mh2um,0 1
xhytd,0 1
wpcji,0 1
lval5,0 1
xkiap,0 1
6xaqk,0 1
0y0ft,0 1
ubtrb,0 1
w1uuq,0 1
75y4w,0 1
aseny,0 1
n5yyv,0 1
3j4ab,0 1
bzg7i,0 1
edqbj,0 1
if6f9,0 1
p4bxb,0 1
qdo2t,0 1
ad43i,0 1
77uic,0 1
6441d,0 1
yhdgh,0 1
fq6kp,0 1
7e24y,0 1
curto,0 1
gm346,0 1
f40qu,0 1
e8kug,0 1
nzkej,0 1
7t82g,0 1
ql4rt,0 1
tlk1k,0 1
t5t6l,0 1
2ega4,0 1
9i6yp,0 1
zg6f2,0 1
novx8,0 1
mxfr7,0 1
84yws,0 1
7bsd6,0 1
l2yrh,0 1
7sh3u,0 1
sgres,0 1
qs64q,0 1
4lkxo,0 1
0wrw8,0 1
s0e3l,0 1
zjy0k,0 1
iumad,0 1
s2wti,0 1
yzbf9,0 1
alxln,0 1
9zys0,0 1
qfzj3,0 1
dseif,0 1
rezjd,0 1
py96z,0 1
c7yo7,0 1
rhscb,0 1
bw7qa,0 1
on59n,0 1
jsmrq,0 1
j7zxc,0 1
72blz,0 1
kbapz,0 1
i4c4x,0 1
fvw9k,0 1
nm31c,0 1
u3p2v,0 1
rfr4j,0 1
j71pn,0 1
juhex,0 1
3e3ty,0 1
dz1uv,0 1
58zxs,0 1
3p0yv,0 1
khmsz,0 1
ncka3,0 1
9ygt5,0 1
pbjyq,0 1
wel6m,0 1
dqcf7,0 1
lfu9p,0 1
lyzqf,0 1
zpwh6,0 1
hla06,0 1
l90dd,0 1
3y4us,0 1
bsuyo,0 1
fs4hg,0 1
tew4m,0 1
p5jgb,0 1
mn16p,0 1
2wzq0,0 1
1mrfw,0 1
qpot9,0 1
0zt9w,0 1
jh2a7,0 1
q29te,0 1
qgu4y,0 1
mkg90,0 1
r07id,0 1
uxxn8,0 1
dp3fi,0 1
76q2p,0 1
vv8p9,0 1
xgmf4,0 1
azn2j,0 1
pkff3,0 1
lv70f,0 1
apjc4,0 1
60q5k,0 1
f96he,0 1
zfn00,0 1
eyv15,0 1
gg417,0 1
sw4tk,0 1
g45sc,0 1
igdes,0 1
6r5ob,0 1
1n1w1,0 1
t9vkt,0 1
8n1r7,0 1
2ozg0,0 1
odzag,0 1
3ku78,0 1
bzsop,0 1
b67rq,0 1
9i4of,0 1
6mazm,0 1
jypmp,0 1
905n5,0 1
ea5qu,0 1
n51j2,0 1
7myw0,0 1
l8j09,0 1
gzb6d,0 1
29fcl,0 1
7yrtp,0 1
f09b7,0 1
51u0p,0 1
z6rdb,0 1
ya79o,0 1
mcoas,0 1
a19ly,0 1
vnnrm,0 1
40m37,0 1
6ic4k,0 1
50vkk,0 1
009hz,0 1
9bdi6,0 1
mbh9n,0 1
4s418,0 1
uar83,0 1
vnrzl,0 1
05db4,0 1
slb12,0 1
gf5rq,0 1
kqaes,0 1
g9f2p,0 1
j78gl,0 1
9pil1,0 1
96grt,0 1
44vdo,0 1
y1gjo,0 1
v0dgi,0 1
86zah,0 1
e3giv,0 1
xqsub,0 1
1row1,0 1
trtck,0 1
fjkkr,0 1
7zzy9,0 1
opj72,0 1
d671e,0 1
adklv,0 1
wod1k,0 1
w5ymy,0 1
qw1db,0 1
jp5j5,0 1
6fqsu,0 1
x48n3,0 1
hgqdk,0 1
p30vi,0 1
qrjqi,0 1
9zf3u,0 1
h0zdb,0 1
xooq9,0 1
fpzaz,0 1
a1myz,0 1
1hdon,0 1
k525e,0 1
z6fw9,0 1
vrpvs,0 1
vnnj6,0 1
9w7mz,0 1
u173s,0 1
3n6ww,0 1
o37pe,0 1
37h9i,0 1
0tbx0,0 1
sd419,0 1
7j2rh,0 1
w5ikj,0 1
tk3u7,0 1
prfyr,0 1
78eof,0 1
sqd9j,0 1
d1ez4,0 1
glp2k,0 1
7aeyq,0 1
zcfz9,0 1
2gf3y,0 1
phvar,0 1
6w2ad,0 1
9j6qj,0 1
yj5e8,0 1
su4f8,0 1
zspr2,0 1
wyp87,0 1
3aphb,0 1
7dbgk,0 1
nm90k,0 1
1ivaq,0 1
bqiou,0 1
yoebl,0 1
w8mfi,0 1
hbym9,0 1
8mic5,0 1
cg99g,0 1
5gr2d,0 1
jvkdx,0 1
umm9m,0 1
lsb39,0 1
pblq6,0 1
s2nes,0 1
g3e7e,0 1
j1b79,0 1
xl1a2,0 1
7l104,0 1
i9rxt,0 1
gmtsn,0 1
s2a2y,0 1
4kgti,0 1
fdb7b,0 1
f9mvr,0 1
fbttq,0 1
kcpdp,0 1
0fb61,0 1
urjd4,0 1
3xzn2,0 1
5uy67,0 1
fp0eg,0 1
vr43v,0 1
an1rz,0 1
4sr0r,0 1
r65bx,0 1
x5pbx,0 1
ul7p3,0 1
tzc12,0 1
rp6kk,0 1
dtr4e,0 1
ssvm2,0 1
eh65q,0 1
z7iab,0 1
839g5,0 1
1brzj,0 1
7p63e,0 1
rb1aq,0 1
7l0wa,0 1
ai10l,0 1
cllz0,0 1
9ewte,0 1
gloiv,0 1
cf1kl,0 1
tain0,0 1
xz7vc,0 1
qv74g,0 1
frk09,0 1
mvb95,0 1
8ygkz,0 1
m2ve9,0 1
c8uh4,0 1
4677v,0 1
5dmih,0 1
rnuu0,0 1
bo7xf,0 1
4x0oo,0 1
m1i4g,0 1
swho7,0 1
c703y,0 1
6ggac,0 1
w5y5j,0 1
28m1c,0 1
tmnrk,0 1
edvdf,0 1
626i6,0 1
ullmi,0 1
q9n4p,0 1
8ouzw,0 1
bipkb,0 1
370lk,0 1
krboq,0 1
svgdd,0 1
z9035,0 1
tuwe9,0 1
iuit0,0 1
1bdyq,0 1
ht6xf,0 1
44azt,0 1
8kgk2,0 1
kwm43,0 1
n9vq7,0 1
vdj0k,0 1
j642u,0 1
8xsln,0 1
xmp88,0 1
i7f8u,0 1
r7zw8,0 1
3fjsp,0 1
xxv5v,0 1
8v42k,0 1
f51ks,0 1
391rw,0 1
3dt63,0 1
xen9n,0 1
u9dvv,0 1
8ryex,0 1
oksfh,0 1
r2apw,0 1
jh183,0 1
uqnl9,0 1
xyypb,0 1
kb59d,0 1
xsh0l,0 1
36c20,0 1
w3j6m,0 1
shgaf,0 1
g24wo,0 1
lt1lu,0 1
bfykw,0 1
a4ltx,0 1
9puvp,0 1
vd2d9,0 1
rpvaw,0 1
ejom8,0 1
2dw59,0 1
sf4m7,0 1
gt8l0,0 1
95i58,0 1
4ew4b,0 1
6taco,0 1
z8qui,0 1
py464,0 1
vybie,0 1
njq0b,0 1
2m1dq,0 1
hs6np,0 1
6k2s5,0 1
rghx5,0 1
5fqyh,0 1
6f75y,0 1
iazuz,0 1
lymaa,0 1
5j3i9,0 1
93rdf,0 1
lukdj,0 1
sya42,0 1
wrjz0,0 1
p50ju,0 1
ogcyo,0 1
ntjcw,0 1
g5lrz,0 1
6xn72,0 1
2z0bm,0 1
z5dxo,0 1
zpz8n,0 1
9jigd,0 1
p7ce0,0 1
wk3au,0 1
nnnk8,0 1
x05xu,0 1
ojesr,0 1
syunx,0 1
tb6f5,0 1
unoeq,0 1
cb23y,0 1
tlq75,0 1
iymdp,0 1
74mlk,0 1
4nh66,0 1
5hxfm,0 1
cjgzz,0 1
xh8dc,0 1
ox30g,0 1
8ci59,0 1
5l17g,0 1
8rm75,0 1
ey4e1,0 1
gupgz,0 1
wjbin,0 1
cx08e,0 1
g4dvf,0 1
ftl3u,0 1
6af5d,0 1
15rz6,0 1
ohpas,0 1
2n83y,0 1
9hsos,0 1
m493a,0 1
e6q4s,0 1
iwef3,0 1
tx9ke,0 1
2nqxw,0 1
dz3sr,0 1
c97s3,0 1
yyzxz,0 1
0w5hc,0 1
drv5y,0 1
hmjr1,0 1
lilz1,0 1
645pc,0 1
wkut5,0 1
eg0xg,0 1
fakqk,0 1
v9v9h,0 1
9nkt2,0 1
30a9f,0 1
a8nat,0 1
86uh2,0 1
fsp2m,0 1
jqgez,0 1
sb9xf,0 1
7qts6,0 1
svolx,0 1
1rf6q,0 1
8xke3,0 1
mnfga,0 1
e55bw,0 1
t8a5b,0 1
7mjwo,0 1
towef,0 1
40z6t,0 1
nl4zd,0 1
bxoqf,0 1
x663b,0 1
53bgy,0 1
w74qj,0 1
imb4r,0 1
i55cz,0 1
hmpb1,0 1
vvhp8,0 1
l8270,0 1
m0fqr,0 1
boi6s,0 1
vzghh,0 1
pqq0k,0 1
fx2ga,0 1
54ot5,0 1
xuwqz,0 1
6d3r3,0 1
upaap,0 1
4ojqd,0 1
i2ijd,0 1
m5721,0 1
z0kpm,0 1
s0xm1,0 1
4iab0,0 1
wnvtk,0 1
7hqxf,0 1
7vldw,0 1
ui0ri,0 1
tkwty,0 1
n30a7,0 1
uyf0e,0 1
i9f5p,0 1
ovkz1,0 1
0o7gl,0 1
kqrms,0 1
vxdld,0 1
inmvp,0 1
rpzpt,0 1
bzfw0,0 1
xw0b2,0 1
sb3gs,0 1
o8mmh,0 1
1uend,0 1
3bzg8,0 1
gzihh,0 1
vckxn,0 1
5otbd,0 1
q8ffa,0 1
d1kvw,0 1
cjoo9,0 1
38afj,0 1
pen0v,0 1
m48fm,0 1
8f3ry,0 1
eb5cb,0 1
hknbn,0 1
087ho,0 1
vhln0,0 1
xvsff,0 1
zy61p,0 1
m9g2t,0 1
7wjav,0 1
wbvxu,0 1
7lj9d,0 1
lgx7f,0 1
vv2dz,0 1
1tm2a,0 1
5wjne,0 1
qionr,0 1
6hvn2,0 1
knnr0,0 1
8gztt,0 1
v39kw,0 1
eoep5,0 1
0437c,0 1
jmo4k,0 1
bhebc,0 1
u0rcj,0 1
7uqdb,0 1
52sr0,0 1
dpamy,0 1
uf72z,0 1
4f9r2,0 1
jnfmu,0 1
5hiix,0 1
m7b12,0 1
4554l,0 1
vzpfg,0 1
gondi,0 1
v7wy3,0 1
44wcy,0 1
3univ,0 1
enw7a,0 1
36jqk,0 1
r909r,0 1
7cgoo,0 1
q8v6d,0 1
dhih3,0 1
z5r6j,0 1
n631x,0 1
wixrz,0 1
jtx70,0 1
6gz52,0 1
ew6un,0 1
asrqt,0 1
z6mif,0 1
te2z6,0 1
y3bqt,0 1
lqbyn,0 1
12jss,0 1
9l3fz,0 1
c7ewm,0 1
9weym,0 1
rlf75,0 1
eg4uw,0 1
t31xy,0 1
ogyrh,0 1
o49f4,0 1
42vx8,0 1
th87f,0 1
ry58e,0 1
rnf4t,0 1
1iuc3,0 1
xtv5e,0 1
z42ba,0 1
laxng,0 1
qix51,0 1
cxmh4,0 1
nsb63,0 1
gpx77,0 1
qt471,0 1
gl5w0,0 1
wtkd8,0 1
nc314,0 1
7rhdg,0 1
kb1jh,0 1
4btpl,0 1
7afs1,0 1
ev06c,0 1
0nj3f,0 1
pnz47,0 1
x3ecv,0 1
b239a,0 1
cuh0z,0 1
rjegf,0 1
tui2s,0 1
vbvn5,0 1
xqdlr,0 1
8psu6,0 1
qwc4u,0 1
4r9mr,0 1
os4sj,0 1
l8ezh,0 1
3iuao,0 1
zzshz,0 1
t0k6u,0 1
9d50x,0 1
zrj76,0 1
q6oei,0 1
h3a22,0 1
3o5ta,0 1
iua73,0 1
tm3xz,0 1
ygi0d,0 1
vxkai,0 1
vorpj,0 1
w1qx0,0 1
6b3gm,0 1
e04r3,0 1
wdxme,0 1
g9ty4,0 1
fb6at,0 1
qt3zl,0 1
xtw19,0 1
31x1b,0 1
4iygg,0 1
abr4p,0 1
5nlhg,0 1
pzhju,0 1
kjld5,0 1
dshya,0 1
iqra0,0 1
rxsy6,0 1
m9ffg,0 1
l9m87,0 1
qb4zc,0 1
9pcbu,0 1
id71x,0 1
em8go,0 1
6f3sm,0 1
nt8mf,0 1
iz0av,0 1
1i2dv,0 1
kjxg7,0 1
1fq9d,0 1
v38ef,0 1
3xkdj,0 1
zalr5,0 1
zopvb,0 1
c2i2i,0 1
2x4d0,0 1
qv3nl,0 1
xgq1o,0 1
hsizf,0 1
kfbrs,0 1
ni0x4,0 1
vmwjv,0 1
zxreh,0 1
wk21g,0 1
7mvt5,0 1
aaott,0 1
jgs6q,0 1
n2nt8,0 1
j75i8,0 1
gvki3,0 1
f9lys,0 1
8n3ni,0 1
ob6e1,0 1
ozus2,0 1
wc0h8,0 1
wd7b4,0 1
3opvu,0 1
1ld41,0 1
it716,0 1
952co,0 1
r1zlw,0 1
a4e2x,0 1
8r1h1,0 1
qa8sj,0 1
otnv5,0 1
bwk44,0 1
9vedh,0 1
haw6t,0 1
3626z,0 1
gfcr2,0 1
h0xv2,0 1
0367k,0 1
4nf1k,0 1
zitlo,0 1
lqknw,0 1
in6yb,0 1
coqkf,0 1
9iddy,0 1
hq9qt,0 1
biqf0,0 1
wx72z,0 1
e58rf,0 1
p60tv,0 1
llme3,0 1
le2en,0 1
dxobr,0 1
vc82z,0 1
xwj0x,0 1
t3ur9,0 1
so96d,0 1
rl99a,0 1
smqm7,0 1
jhexc,0 1
brme4,0 1
o9num,0 1
7ze2p,0 1
hki4y,0 1
nnz4z,0 1
ieu0g,0 1
33hb6,0 1
8ieps,0 1
8aqqn,0 1
s5q5u,0 1
2v1sg,0 1
2h5nk,0 1
exm9a,0 1
lg8ee,0 1
g9s4b,0 1
dmmbf,0 1
teqen,0 1
bjysq,0 1
kwfas,0 1
oiroa,0 1
aa8jd,0 1
tjxco,0 1
2h48x,0 1
ap17a,0 1
rgvfg,0 1
ie0w0,0 1
do540,0 1
8acdb,0 1
vx853,0 1
rd5b8,0 1
ymo6g,0 1
3nkay,0 1
yez2t,0 1
y16sz,0 1
fmwhz,0 1
ha13e,0 1
1glyt,0 1
1k8rx,0 1
czt8s,0 1
k8qxi,0 1
t1gnj,0 1
dd5as,0 1
t7lzi,0 1
jqt9i,0 1
s1wos,0 1
rpxx3,0 1
96zam,0 1
dvzfb,0 1
ziglw,0 1
m9rco,0 1
q9y74,0 1
ov1wq,0 1
qhiqh,0 1
vx1vu,0 1
8tl4q,0 1
ki8f7,0 1
p8dra,0 1
1lbz4,0 1
8e3gx,0 1
bnw92,0 1
g9l92,0 1
ucvpr,0 1
s1706,0 1
dfn73,0 1
g1de0,0 1
l83gg,0 1
mtnkv,0 1
d8fb5,0 1
k4146,0 1
d0jks,0 1
mzm64,0 1
2wcmt,0 1
bbmyp,0 1
iocct,0 1
qs1mu,0 1
cwyvl,0 1
l8l0f,0 1
nx2wx,0 1
xxg58,0 1
z0alh,0 1
3fugd,0 1
mu8jy,0 1
g7jx5,0 1
7sn6k,0 1
sn20k,0 1
o6r3c,0 1
lafug,0 1
ow93a,0 1
9zb87,0 1
6qfmy,0 1
1vmt2,0 1
1fhcf,0 1
37qse,0 1
0g4rt,0 1
sf94z,0 1
r60ww,0 1
wksot,0 1
ifvfq,0 1
2kg7s,0 1
v5xz1,0 1
mxtof,0 1
zed4h,0 1
rt4ms,0 1
5j9lq,0 1
1q6zh,0 1
dzlsd,0 1
otd5u,0 1
necqx,0 1
nduje,0 1
0rxix,0 1
lb2fq,0 1
juj83,0 1
hk6wj,0 1
kzf9w,0 1
1gx92,0 1
nqkmi,0 1
bqiq4,0 1
60shp,0 1
49ybu,0 1
axc0w,0 1
gdrf3,0 1
3x09r,0 1
aeyit,0 1
o9o0z,0 1
vplyu,0 1
c2ukt,0 1
166fv,0 1
60zxp,0 1
g44j7,0 1
9o1fv,0 1
0yra9,0 1
a02y6,0 1
s8tpv,0 1
v6tdk,0 1
roqxk,0 1
ign6x,0 1
p75xz,0 1
eeija,0 1
djryk,0 1
egxco,0 1
wd59b,0 1
wvprb,0 1
mvwvs,0 1
vr7jk,0 1
o8vbd,0 1
x516g,0 1
za77u,0 1
w4qbx,0 1
1rj06,0 1
2rw8d,0 1
cju7g,0 1
kh7tx,0 1
f2rgv,0 1
c6dq4,0 1
u66e2,0 1
y53hy,0 1
lnniu,0 1
uycek,0 1
mo7y6,0 1
48hyv,0 1
c8844,0 1
ae5kt,0 1
fzt59,0 1
t2qna,0 1
vmdv6,0 1
huar2,0 1
6wu5e,0 1
h0ruu,0 1
q69zz,0 1
1u7s8,0 1
m36vu,0 1
156yi,0 1
b5frm,0 1
e4yuu,0 1
dz8si,0 1
lw02u,0 1
zrrmk,0 1
h3dvl,0 1
miqlk,0 1
7fv9u,0 1
f7tor,0 1
dpo2v,0 1
3lg3k,0 1
5lh6b,0 1
hx5zb,0 1
kyo1z,0 1
zhs9w,0 1
hotki,0 1
1kkp8,0 1
38lku,0 1
w2dtd,0 1
0akmn,0 1
242gs,0 1
2aqcf,0 1
i2g9r,0 1
bfdcy,0 1
m7ly4,0 1
6asms,0 1
mwut5,0 1
dwlpz,0 1
l3top,0 1
qycn0,0 1
ffcjs,0 1
m33e3,0 1
1wupo,0 1
4d1fw,0 1
f2mue,0 1
6i5b2,0 1
9dfja,0 1
rrqih,0 1
a4hh6,0 1
37udx,0 1
a30sz,0 1
bvljp,0 1
9n8j8,0 1
tnt9q,0 1
jtwbj,0 1
zwco6,0 1
rd7jf,0 1
vlxul,0 1
119az,0 1
9docn,0 1
q4s0f,0 1
jsrsa,0 1
4pjec,0 1
hulbx,0 1
nxl97,0 1
5izgx,0 1
n7o6k,0 1
lygr9,0 1
djlbu,0 1
r0rr6,0 1
f4qit,0 1
cs7iv,0 1
mc5l8,0 1
cflwg,0 1
zzfvu,0 1
sz83d,0 1
j1f9s,0 1
z0l4m,0 1
wqy76,0 1
gyqfz,0 1
hs2bo,0 1
bkmf7,0 1
zephq,0 1
kvs60,0 1
uqm0r,0 1
ht5xj,0 1
bowp0,0 1
kcqel,0 1
084nm,0 1
aefrg,0 1
qy8g6,0 1
ut0do,0 1
mlmm1,0 1
jcry5,0 1
qcedx,0 1
blg76,0 1
u2kp0,0 1
bdxe6,0 1
pirz0,0 1
x4f8b,0 1
9fhc3,0 1
595ft,0 1
3lvy1,0 1
vmjek,0 1
t6y90,0 1
ksj57,0 1
k36ty,0 1
8ojmt,0 1
4jnkp,0 1
zuvep,0 1
kejxk,0 1
bc300,0 1
e6fc5,0 1
eg00i,0 1
8s2nz,0 1
fu9nu,0 1
0t66h,0 1
9qu7h,0 1
8r6ng,0 1
sl221,0 1
pcqxa,0 1
p58x7,0 1
5qvjq,0 1
kvxqz,0 1
xjra8,0 1
xx72r,0 1
li1xs,0 1
ex296,0 1
hkice,0 1
a3rx2,0 1
ribae,0 1
qw46k,0 1
qtno4,0 1
lq37t,0 1
acnuf,0 1
14s82,0 1
ahc6h,0 1
udtaz,0 1
jswke,0 1
uy8zn,0 1
egjnk,0 1
kq0xk,0 1
qgc3f,0 1
zu1hg,0 1
osuvd,0 1
9jrky,0 1
c1lsm,0 1
mj5lh,0 1
p0c65,0 1
71u9h,0 1
f4683,0 1
7z3de,0 1
o8ibs,0 1
9reen,0 1
61vwj,0 1
54qvg,0 1
oz3oz,0 1
r5yab,0 1
dchy2,0 1
awf0y,0 1
dr6im,0 1
n9lse,0 1
2xdh0,0 1
47z1i,0 1
fttht,0 1
oijnp,0 1
jowqf,0 1
5ebq4,0 1
adc2t,0 1
q49qm,0 1
hut7s,0 1
6kezl,0 1
gc3sn,0 1
z17w7,0 1
rpnih,0 1
uyheh,0 1
9lqgx,0 1
abs1c,0 1
3dkdv,0 1
7lhpi,0 1
r9bts,0 1
okc8j,0 1
uydt0,0 1
11nk8,0 1
cm2xl,0 1
pb8og,0 1
t6dkb,0 1
slatq,0 1
v81mk,0 1
k10nq,0 1
83tz7,0 1
opu97,0 1
p399r,0 1
s24lh,0 1
6xoi7,0 1
oogmx,0 1
x1zy9,0 1
keefx,0 1
g2nbb,0 1
vcdif,0 1
tpfsg,0 1
4bsgm,0 1
rqu1a,0 1
5xp72,0 1
5du9b,0 1
8e8ck,0 1
be8q8,0 1
i70c5,0 1
b15x9,0 1
kv2bo,0 1
ure7f,0 1
q6ebw,0 1
hv93y,0 1
pf9b6,0 1
t7adm,0 1
tq0w6,0 1
lsu92,0 1
9qkkv,0 1
vm4rb,0 1
3idwh,0 1
syleo,0 1
pyilp,0 1
qtu1v,0 1
ck3th,0 1
0ipsn,0 1
jd9gn,0 1
a24ag,0 1
jyapg,0 1
eg048,0 1
06ayt,0 1
rjfsp,0 1
v0zgn,0 1
q0rzt,0 1
tfi4h,0 1
1bav7,0 1
m9oha,0 1
h7o18,0 1
438f2,0 1
vqr3b,0 1
3s55k,0 1
bk046,0 1
yvj0p,0 1
0d6mi,0 1
mnj9l,0 1
zvtic,0 1
wgtnv,0 1
3zd3a,0 1
cv93d,0 1
zfukc,0 1
97sly,0 1
ek1ah,0 1
jb2yj,0 1
jl3nl,0 1
9uvcj,0 1
2c7hr,0 1
siyjt,0 1
h5o45,0 1
l007e,0 1
dzrx1,0 1
318qc,0 1
l1lio,0 1
whm1r,0 1
pd8e5,0 1
70rwa,0 1
2umnx,0 1
j4z65,0 1
fy3ip,0 1
t4f7t,0 1
peqan,0 1
682v6,0 1
ojxvv,0 1
j8q68,0 1
q4sh6,0 1
r36k8,0 1
ujxiy,0 1
fckbg,0 1
aatu2,0 1
3srpz,0 1
jucd1,0 1
1ntdx,0 1
nux4y,0 1
62wg2,0 1
dxfyx,0 1
ed5v7,0 1
nltzj,0 1
kt6xf,0 1
x4r9x,0 1
ncyrr,0 1
clv2e,0 1
kz8kt,0 1
ma1cs,0 1
3vj92,0 1
7g5c5,0 1
6oixe,0 1
nm8nk,0 1
s4v8d,0 1
m63lx,0 1
lz3z8,0 1
iw1cc,0 1
cpxkb,0 1
02yrf,0 1
oq9pm,0 1
jvhso,0 1
puvns,0 1
ao97r,0 1
36mpz,0 1
5k2mj,0 1
fhu2x,0 1
apq3g,0 1
mqv41,0 1
0ozte,0 1
ytdm8,0 1
o2gvv,0 1
8fvms,0 1
0u9qe,0 1
n55jt,0 1
8hklu,0 1
zkxnc,0 1
2s9it,0 1
t9q54,0 1
730im,0 1
bh13y,0 1
g5jtr,0 1
m2uxl,0 1
okflc,0 1
9aoqd,0 1
frxwl,0 1
u4srg,0 1
x6btm,0 1
4e5h0,0 1
al4cb,0 1
76f4p,0 1
pvz4l,0 1
qyqs3,0 1
72ho1,0 1
fu126,0 1
n4n5y,0 1
10jh5,0 1
erslo,0 1
ddg04,0 1
ugm3j,0 1
o5k48,0 1
genx6,0 1
nm9hy,0 1
d14eq,0 1
3s4jp,0 1
kv3nv,0 1
no1us,0 1
kfh04,0 1
s3qgt,0 1
kq648,0 1
9o20u,0 1
ttszj,0 1
36cl8,0 1
4z272,0 1
octrn,0 1
68g0n,0 1
032aw,0 1
ft2fd,0 1
aqhvg,0 1
3nktc,0 1
mgra4,0 1
zp6b0,0 1
5u4sp,0 1
frv6t,0 1
bbjj1,0 1
viwus,0 1
k6cc1,0 1
cxdts,0 1
wr7ti,0 1
udrds,0 1
rb3ap,0 1
8wxh2,0 1
x31be,0 1
xax86,0 1
y0txq,0 1
x49gr,0 1
u6r2e,0 1
0dqrs,0 1
iccfi,0 1
34mlh,0 1
ejwef,0 1
624ur,0 1
5sd3u,0 1
jhytp,0 1
pbjcl,0 1
w6fsf,0 1
8kq4h,0 1
ljpk3,0 1
y6hzh,0 1
pqftu,0 1
j2oy3,0 1
tuzgq,0 1
p1ftz,0 1
5mu6v,0 1
bhh4e,0 1
mkw5k,0 1
kr1ez,0 1
dq3fa,0 1
z51n1,0 1
87hzo,0 1
59o6w,0 1
s34qg,0 1
e39oe,0 1
xsagp,0 1
2xgfb,0 1
0t9ws,0 1
4xbog,0 1
rnr86,0 1
mv3y2,0 1
dox58,0 1
lzuwm,0 1
1s3ih,0 1
13aqy,0 1
zew84,0 1
z0neo,0 1
1vo6q,0 1
gqbvj,0 1
p1kw7,0 1
63w5p,0 1
70i85,0 1
xsq59,0 1
z15xj,0 1
5h85w,0 1
c0x8x,0 1
swz6v,0 1
zilkt,0 1
f6b99,0 1
434rq,0 1
f6sl5,0 1
xxo07,0 1
dludv,0 1
rdx8u,0 1
e4qqe,0 1
kzy7p,0 1
awjg8,0 1
6q563,0 1
xx2l5,0 1
03atn,0 1
p9cjw,0 1
9wdch,0 1
kor5a,0 1
4j2re,0 1
n7z9l,0 1
dnisv,0 1
get8l,0 1
r9qyj,0 1
g1jyb,0 1
ck0hm,0 1
7tkv9,0 1
4417h,0 1
lm0ot,0 1
xqpug,0 1
eif0w,0 1
8g11g,0 1
eudaq,0 1
2w7t2,0 1
tybog,0 1
pyeh9,0 1
cv7ju,0 1
h76ik,0 1
x2mj3,0 1
99l34,0 1
cvj36,0 1
91un0,0 1
q33mg,0 1
ctkpc,0 1
dpzot,0 1
2wx93,0 1
aeon8,0 1
v2uyb,0 1
wm411,0 1
g3s56,0 1
0ofin,0 1
bklir,0 1
jaupk,0 1
r7208,0 1
u28tu,0 1
0zngd,0 1
s5kwx,0 1
kyhvi,0 1
l6mf0,0 1
s7pod,0 1
2wpk2,0 1
i075e,0 1
jm8eh,0 1
lhs68,0 1
d18h1,0 1
l3j1j,0 1
1azyp,0 1
d41cv,0 1
rtcol,0 1
x9435,0 1
4z10i,0 1
sl4x0,0 1
s91p8,0 1
1ln4b,0 1
5dxnm,0 1
1cse6,0 1
acx6a,0 1
noawy,0 1
h8fy6,0 1
433cq,0 1
65sjp,0 1
pseyl,0 1
975tl,0 1
yn2dz,0 1
hnm5n,0 1
fma7q,0 1
vmw8u,0 1
0ny78,0 1
810ll,0 1
qjbz1,0 1
gwibz,0 1
rcf9a,0 1
2v6ag,0 1
fbuij,0 1
tk75k,0 1
x29ns,0 1
jph0a,0 1
s26l8,0 1
rk9qm,0 1
89sgg,0 1
niw1n,0 1
r7n3s,0 1
cqzgq,0 1
ofb93,0 1
2j0bj,0 1
mkvh8,0 1
8aevp,0 1
pnz8s,0 1
c6cyp,0 1
ea2pw,0 1
fi5q5,0 1
betrz,0 1
wrdtb,0 1
sz212,0 1
amgi8,0 1
epzgt,0 1
lbo6b,0 1
5kkal,0 1
j8qpr,0 1
02ao8,0 1
opcvz,0 1
oll0o,0 1
h712a,0 1
er28h,0 1
4iwj7,0 1
a5qll,0 1
vyrgk,0 1
qgpz7,0 1
rbvms,0 1
z7n7f,0 1
rtzez,0 1
nozsz,0 1
md2vg,0 1
snlnf,0 1
e6bxg,0 1
tgzqc,0 1
6u5va,0 1
yyngk,0 1
niptt,0 1
ofdwt,0 1
5n9lf,0 1
tbqfl,0 1
uohet,0 1
izdji,0 1
hg4l7,0 1
9ws6l,0 1
gbjbk,0 1
yslm8,0 1
7jwno,0 1
smooz,0 1
h90ni,0 1
esakh,0 1
pagjy,0 1
ig07j,0 1
063ua,0 1
9aml6,0 1
i48ru,0 1
ncbou,0 1
88z7d,0 1
h9t0k,0 1
0che6,0 1
8wbxg,0 1
hloo0,0 1
z1879,0 1
d195b,0 1
chp6r,0 1
8ztu5,0 1
d863h,0 1
mdclq,0 1
1qwp3,0 1
tgnf8,0 1
6gspn,0 1
bn4lj,0 1
67965,0 1
fxrqr,0 1
7y421,0 1
ep1z5,0 1
qzvpo,0 1
48u0z,0 1
7575z,0 1
gdxi9,0 1
ztew3,0 1
quqyu,0 1
ohsqq,0 1
lc0qn,0 1
gwgsk,0 1
anw9o,0 1
4g9l4,0 1
w6bka,0 1
2qc77,0 1
vwvko,0 1
4zf6o,0 1
701gh,0 1
y31pw,0 1
e09p8,0 1
eq6tj,0 1
y57dl,0 1
haf35,0 1
n1hte,0 1
qjjp9,0 1
s79ct,0 1
kehk3,0 1
9lwfl,0 1
qclnj,0 1
kkigi,0 1
c1rhw,0 1
kq9rp,0 1
uee87,0 1
mr990,0 1
bshmg,0 1
9xtsj,0 1
wbl19,0 1
fhapt,0 1
1w9mn,0 1
r86k4,0 1
ogsi5,0 1
6657s,0 1
gkm0t,0 1
zeyis,0 1
21ogn,0 1
1l4zs,0 1
mgf1l,0 1
dqjbq,0 1
krt3c,0 1
sv925,0 1
c0k92,0 1
70kwf,0 1
84bqi,0 1
nzq6x,0 1
j47zu,0 1
081cc,0 1
rn6a9,0 1
2vi3f,0 1
j6o6m,0 1
ygsns,0 1
e2aan,0 1
wscv3,0 1
6kisp,0 1
pw8k9,0 1
v9tz8,0 1
u5tq1,0 1
m8rju,0 1
dbgbv,0 1
kxch8,0 1
mge4j,0 1
2bs1d,0 1
y6ltt,0 1
ho4it,0 1
esxzo,0 1
dwgh7,0 1
v1xb2,0 1
2yty0,0 1
0ewed,0 1
hdyli,0 1
i143h,0 1
s8aze,0 1
wyhnf,0 1
ajeef,0 1
ux32p,0 1
iu972,0 1
7z54w,0 1
g7otq,0 1
x7mq4,0 1
d9jmy,0 1
38ar1,0 1
a14yy,0 1
fco8u,0 1
xc9iu,0 1
u9h7m,0 1
8fbk7,0 1
axmyy,0 1
6i3p4,0 1
xyrqx,0 1
pb7tw,0 1
j9293,0 1
x206x,0 1
fstsm,0 1
2oy70,0 1
dlldu,0 1
pm0sz,0 1
u0rma,0 1
n0v63,0 1
urbxl,0 1
el7w2,0 1
sp8d3,0 1
qhvgk,0 1
5oost,0 1
6u7xy,0 1
jisgb,0 1
enyat,0 1
ccu4q,0 1
qipzl,0 1
ovs17,0 1
xbuhi,0 1
co1u4,0 1
87kcq,0 1
w9c43,0 1
yi1z5,0 1
w4uje,0 1
k2mna,0 1
3xibv,0 1
x3bma,0 1
4sare,0 1
kax2a,0 1
4e8qc,0 1
ptmsm,0 1
fjehk,0 1
hb8zx,0 1
2m95w,0 1
ejyah,0 1
zmjrt,0 1
ibxlj,0 1
q3wde,0 1
5087w,0 1
0jjad,0 1
minha,0 1
13ac5,0 1
o8ytq,0 1
803tf,0 1
zhopr,0 1
x95ib,0 1
54h5w,0 1
9v97w,0 1
tlpbu,0 1
j6rxn,0 1
cejkg,0 1
v9f1n,0 1
0aamz,0 1
82oi9,0 1
ae30z,0 1
7ursj,0 1
ok7qp,0 1
kmxbz,0 1
k5qzo,0 1
qfmhn,0 1
dw2cd,0 1
z82qj,0 1
yfii7,0 1
a7ctd,0 1
tweki,0 1
8m6e5,0 1
s5yck,0 1
m4fwk,0 1
qvqxl,0 1
n8mbl,0 1
j11ug,0 1
fuo4v,0 1
dvylx,0 1
7hmug,0 1
n7flq,0 1
c7xuc,0 1
1ydqw,0 1
ju290,0 1
q5tw7,0 1
ovqi0,0 1
fz55p,0 1
y7ar7,0 1
g7f49,0 1
4qb7u,0 1
xyo68,0 1
y7udn,0 1
t6z4m,0 1
w1czc,0 1
0czb9,0 1
rp8mp,0 1
16ed9,0 1
ywdjq,0 1
toaey,0 1
g9eey,0 1
6stcl,0 1
odmsf,0 1
69ok4,0 1
o3bsk,0 1
2eqo9,0 1
pllx1,0 1
bja24,0 1
oymnn,0 1
pn3j6,0 1
g7wft,0 1
zggwk,0 1
hjxfu,0 1
29gk9,0 1
9ms9i,0 1
0faiz,0 1
kjgs9,0 1
67qfh,0 1
576jf,0 1
uu66o,0 1
mzncl,0 1
jn7qw,0 1
3umbp,0 1
rkp0w,0 1
m8qax,0 1
lukkf,0 1
yud87,0 1
79gjj,0 1
x3vg1,0 1
uv4wk,0 1
bo4l9,0 1
pixqz,0 1
rsknw,0 1
e9f5b,0 1
1lrn9,0 1
bq1tq,0 1
qzpcr,0 1
qyhft,0 1
x2pa1,0 1
u84w7,0 1
jz7ls,0 1
7vk2b,0 1
l9iyh,0 1
04u69,0 1
oqaho,0 1
3crdz,0 1
zrp6g,0 1
vo5tz,0 1
ksrks,0 1
k9prk,0 1
zyvnu,0 1
1c2ap,0 1
2e2vc,0 1
etqd1,0 1
sbyka,0 1
khpsj,0 1
ijfk6,0 1
n03aq,0 1
9x5z8,0 1
mbejh,0 1
v8byb,0 1
i8qht,0 1
ajj9c,0 1
17dxa,0 1
86tgj,0 1
8yr6h,0 1
kstx9,0 1
56g1h,0 1
c0uqf,0 1
0t7cn,0 1
4h0go,0 1
civck,0 1
2qhc4,0 1
y8kdg,0 1
bh36j,0 1
lyioh,0 1
pbcrz,0 1
sbz4c,0 1
gjqkr,0 1
rkpmv,0 1
n2ibn,0 1
xgcej,0 1
po4gm,0 1
oxfd6,0 1
cj3rm,0 1
lsxiz,0 1
evte0,0 1
hfu0b,0 1
hbmwj,0 1
x077s,0 1
skjyz,0 1
2u3uf,0 1
qw38u,0 1
ulsgt,0 1
kna9n,0 1
9qh8f,0 1
qp4eg,0 1
6gx3f,0 1
6ua8w,0 1
gwn3o,0 1
hwhwk,0 1
hc7e9,0 1
pqul6,0 1
avdl4,0 1
a0s83,0 1
edbwm,0 1
8etfd,0 1
gy7ek,0 1
6zfrk,0 1
5zir6,0 1
z1qtk,0 1
53lh4,0 1
cxgdp,0 1
bohvn,0 1
ujaf6,0 1
3k1mc,0 1
32s9w,0 1
ovvyl,0 1
9nfoy,0 1
m3pks,0 1
0hbg7,0 1
nsa7r,0 1
n90uu,0 1
m81fz,0 1
87s5b,0 1
sqg11,0 1
g0i69,0 1
y8tcq,0 1
6klik,0 1
9or1d,0 1
gpkh5,0 1
my5lf,0 1
9davp,0 1
zum1f,0 1
nrttm,0 1
cvya6,0 1
3x325,0 1
2z1gd,0 1
2jg7c,0 1
hune6,0 1
6sjj6,0 1
29e50,0 1
tuzxt,0 1
xwutp,0 1
ryskr,0 1
2o3cl,0 1
xbvr2,0 1
tq1x6,0 1
5xwmr,0 1
v76nw,0 1
61z69,0 1
mlvil,0 1
1npbn,0 1
78l44,0 1
58p18,0 1
gawpu,0 1
xm5dp,0 1
rdlrh,0 1
xtash,0 1
565gl,0 1
3ku58,0 1
oqjg1,0 1
d6cg6,0 1
femft,0 1
4gq7n,0 1
pt2kd,0 1
8nm1a,0 1
196u3,0 1
0uk98,0 1
6t1ml,0 1
vuv3h,0 1
6bm7h,0 1
b2tji,0 1
dtjmo,0 1
8m2u8,0 1
6r7xj,0 1
fim5g,0 1
gvas4,0 1
9b90x,0 1
mlbu4,0 1
xj1yu,0 1
ayusj,0 1
zlead,0 1
5rklo,0 1
zhwxb,0 1
01mq4,0 1
j82lq,0 1
q2qxj,0 1
qhhb0,0 1
rnvti,0 1
duxsl,0 1
8zxz2,0 1
z9k1i,0 1
2l74h,0 1
p9s8l,0 1
afk1u,0 1
87p1a,0 1
bzm8s,0 1
awako,0 1
dd2ag,0 1
wtmmw,0 1
zuiwi,0 1
u10rs,0 1
99bjm,0 1
chjqf,0 1
f4cj8,0 1
nt8rd,0 1
jg34e,0 1
7079i,0 1
hacxy,0 1
y3riz,0 1
2qilu,0 1
12acb,0 1
d8vhr,0 1
h6n7g,0 1
wqyim,0 1
tqhhj,0 1
icvyn,0 1
9vdsc,0 1
57qms,0 1
23zs9,0 1
rxcyy,0 1
ja7zv,0 1
zy7nv,0 1
e7nmc,0 1
bphzc,0 1
j9mni,0 1
0euct,0 1
ra7eu,0 1
iw2g0,0 1
08zt6,0 1
l8fwi,0 1
u08zk,0 1
17rht,0 1
dojsj,0 1
ofgo1,0 1
4aqlj,0 1
c2c8g,0 1
pgszi,0 1
zwy7n,0 1
1pyg5,0 1
71q6f,0 1
hqf50,0 1
1cbba,0 1
i1lfr,0 1
famux,0 1
h6tqi,0 1
9t3d7,0 1
l78tl,0 1
5gefy,0 1
1yure,0 1
e72l1,0 1
66l28,0 1
gg014,0 1
hhhpp,0 1
7crpy,0 1
3f05u,0 1
n16dg,0 1
mv9gm,0 1
xvpnl,0 1
0mb6q,0 1
9ft2f,0 1
g2248,0 1
0tv63,0 1
ib663,0 1
mxjs9,0 1
7eyz5,0 1
dlhfk,0 1
4t83e,0 1
5f4s5,0 1
pf8y5,0 1
gb6hp,0 1
gxtdx,0 1
7z8u2,0 1
z1pdy,0 1
6cqjw,0 1
x6f27,0 1
g3se9,0 1
8ze2o,0 1
gn30r,0 1
gmc8a,0 1
r6lxj,0 1
1ij89,0 1
jexb5,0 1
mo7yk,0 1
gyjj4,0 1
tx9px,0 1
romrt,0 1
h06ya,0 1
b3tei,0 1
u15s7,0 1
b84h8,0 1
u8imw,0 1
iofqd,0 1
6xxas,0 1
fqrx2,0 1
gzd7x,0 1
s97sk,0 1
jilsh,0 1
2s8la,0 1
k3xci,0 1
ka8cm,0 1
d3wo7,0 1
trakk,0 1
5fb4m,0 1
h4cyf,0 1
ccsff,0 1
2onnp,0 1
sclzm,0 1
jee8r,0 1
f8e30,0 1
rfzm2,0 1
xr65z,0 1
67k7c,0 1
70ecl,0 1
8mprn,0 1
f5fvo,0 1
35n1l,0 1
9khfp,0 1
sv5vj,0 1
6gm8b,0 1
13v4a,0 1
d9jqf,0 1
l7j99,0 1
hknz5,0 1
68hyq,0 1
lt2et,0 1
fq8yf,0 1
kjctd,0 1
uie0h,0 1
68qym,0 1
tj8z2,0 1
cfms5,0 1
uph9h,0 1
tdu96,0 1
taryy,0 1
e28m5,0 1
qv67h,0 1
zrdbh,0 1
7l86u,0 1
y93m1,0 1
elnp7,0 1
6jyna,0 1
g6bx3,0 1
1505w,0 1
4frew,0 1
s81dk,0 1
esu4g,0 1
imnv5,0 1
mduat,0 1
u1qsj,0 1
xbyrx,0 1
vidac,0 1
rqcfb,0 1
5o1c7,0 1
v6j3a,0 1
oa1q1,0 1
6fuug,0 1
525lc,0 1
0u15g,0 1
zjhg7,0 1
2zs1y,0 1
eg8ke,0 1
fnpz2,0 1
bn73w,0 1
1ody1,0 1
enhum,0 1
me4gf,0 1
mhmgi,0 1
71ya4,0 1
t0c36,0 1
1v6d2,0 1
qgbcm,0 1
bgqe8,0 1
khdiz,0 1
vdcl5,0 1
j246o,0 1
6ijpu,0 1
2prs8,0 1
y6ysj,0 1
j0dps,0 1
ohqf2,0 1
siipg,0 1
0233k,0 1
8s8iu,0 1
40xwv,0 1
if291,0 1
2j5os,0 1
sr1js,0 1
zkynp,0 1
paq7u,0 1
me636,0 1
mo2mq,0 1
20ws9,0 1
ob1d4,0 1
jpszd,0 1
dbf8e,0 1
991z2,0 1
jyfpo,0 1
ljotf,0 1
i55d2,0 1
h2dmw,0 1
ll7b2,0 1
bpq2d,0 1
4034a,0 1
za1xw,0 1
ciuuv,0 1
js8oa,0 1
qyeco,0 1
2r9k5,0 1
tw36f,0 1
0fwzn,0 1
qjmbk,0 1
s06nk,0 1
j4qh5,0 1
ff9m3,0 1
o36qz,0 1
y2vty,0 1
3zc3y,0 1
h7ig8,0 1
q9faj,0 1
h4l37,0 1
jfux7,0 1
mwm9o,0 1
oqz56,0 1
pia9h,0 1
fulhq,0 1
tx3w5,0 1
o29xo,0 1
qbdlr,0 1
uskwo,0 1
w36wx,0 1
4v5cv,0 1
1ierp,0 1
n95dh,0 1
r7hpe,0 1
a1809,0 1
fl05c,0 1
y5ekd,0 1
zlwgr,0 1
senlh,0 1
acf3p,0 1
olr62,0 1
bax5h,0 1
e6avv,0 1
am3tx,0 1
od018,0 1
m5f0s,0 1
gp2g8,0 1
3o34n,0 1
fjedf,0 1
wx424,0 1
mst6d,0 1
ktpd1,0 1
jf8bg,0 1
xwb4i,0 1
gdewh,0 1
t3edg,0 1
az2s5,0 1
rhaeb,0 1
6g0yz,0 1
uxkkw,0 1
cu5xw,0 1
a4v01,0 1
ncluq,0 1
jwfe0,0 1
h12gd,0 1
si5ux,0 1
87wuv,0 1
fhq2f,0 1
x28q0,0 1
p24vx,0 1
y61us,0 1
7tyy8,0 1
b56ec,0 1
9ss3k,0 1
nqxvx,0 1
magji,0 1
ok902,0 1
x4jxl,0 1
cdvm5,0 1
hlk2e,0 1
bk0os,0 1
lmg5h,0 1
k6v98,0 1
185tm,0 1
nme3z,0 1
vqixf,0 1
q3yy2,0 1
lgnsl,0 1
p7ur7,0 1
ubdb3,0 1
lkjp9,0 1
ade2m,0 1
oh0m9,0 1
0ftar,0 1
6grtd,0 1
ho8qm,0 1
e0odu,0 1
jueg6,0 1
2qrp0,0 1
vhpqj,0 1
02yez,0 1
34em5,0 1
e38x3,0 1
pra55,0 1
44jxg,0 1
sskjl,0 1
s9kfg,0 1
7xe6w,0 1
biy87,0 1
2e32h,0 1
tw8kg,0 1
zlokx,0 1
fpprw,0 1
d13q8,0 1
k2cj8,0 1
g1ziq,0 1
z0qfm,0 1
ewxh3,0 1
dgnf6,0 1
xkclb,0 1
1xgxm,0 1
1l10d,0 1
ctng6,0 1
gdqal,0 1
9c2fp,0 1
wvpdd,0 1
o3v09,0 1
53dtd,0 1
jrrff,0 1
qdkh0,0 1
06i5y,0 1
us0fq,0 1
41ucs,0 1
37quy,0 1
v1gix,0 1
5g9lw,0 1
kmnby,0 1
owl2b,0 1
g2tcs,0 1
2p6du,0 1
olki0,0 1
tkpag,0 1
2bfky,0 1
aopqv,0 1
26sr4,0 1
9ykr4,0 1
air51,0 1
go0ts,0 1
1zdw8,0 1
wnv1m,0 1
zuoll,0 1
1y2r0,0 1
l6jja,0 1
n3nxu,0 1
xvqnt,0 1
x7ft2,0 1
kbv24,0 1
th385,0 1
zvy6z,0 1
ii60b,0 1
hit3h,0 1
lrxms,0 1
6i279,0 1
e4cjp,0 1
yze4j,0 1
tx3qf,0 1
8xn1m,0 1
aqfsa,0 1
2zezl,0 1
xqzng,0 1
akf34,0 1
gpwmo,0 1
9lpfr,0 1
a754i,0 1
1qm9v,0 1
dk7ij,0 1
xenj8,0 1
6ah62,0 1
krqtb,0 1
u5va0,0 1
sxesg,0 1
3ojk5,0 1
z5b57,0 1
cspxo,0 1
x11t0,0 1
3gylk,0 1
3l6uv,0 1
iy44p,0 1
zw9xh,0 1
71sug,0 1
23u9l,0 1
uunr9,0 1
5d4wm,0 1
jwzz7,0 1
x4vw5,0 1
5msfk,0 1
ljvnt,0 1
t7j77,0 1
x60lo,0 1
ff1g2,0 1
hoqy8,0 1
mviqq,0 1
z0ocs,0 1
ivu89,0 1
tdjwv,0 1
xj4u7,0 1
80c7r,0 1
qh1e8,0 1
e6w4g,0 1
sgaac,0 1
ltks9,0 1
ptnd9,0 1
1d45j,0 1
dvw7r,0 1
liwiw,0 1
0a470,0 1
zxvrx,0 1
gmdnb,0 1
04p4a,0 1
ag669,0 1
5z3zs,0 1
depap,0 1
om42m,0 1
42yw4,0 1
e2dvv,0 1
oa02o,0 1
6fnen,0 1
pxyjf,0 1
4fyhk,0 1
szu7v,0 1
ndvqa,0 1
0ex7f,0 1
3pvml,0 1
im206,0 1
e8af1,0 1
3qwgk,0 1
74squ,0 1
1mfvg,0 1
dqsqw,0 1
fklud,0 1
g4bwa,0 1
1kic1,0 1
2jil1,0 1
8xp7q,0 1
6dwu8,0 1
ytk7w,0 1
swl99,0 1
lqo5l,0 1
pp6uk,0 1
n50ck,0 1
tir35,0 1
7yw8n,0 1
dftnv,0 1
zsl7o,0 1
bq0he,0 1
sxkqj,0 1
1kjgu,0 1
2prbp,0 1
sbcky,0 1
swtyi,0 1
szjq6,0 1
3m2nk,0 1
mlmd4,0 1
1bny6,0 1
gwc3u,0 1
2941y,0 1
5m28x,0 1
c67wz,0 1
vzaju,0 1
0xk5x,0 1
9sd3x,0 1
k0o99,0 1
e7kx2,0 1
rnvoj,0 1
osry1,0 1
m1ocw,0 1
sqmui,0 1
2h69g,0 1
3pry0,0 1
1yusm,0 1
9w5st,0 1
ylsae,0 1
22gz3,0 1
g2lvu,0 1
jnqpt,0 1
g0a4g,0 1
7pedg,0 1
jphaq,0 1
ee42d,0 1
w93rb,0 1
2wloh,0 1
v5y14,0 1
zqx6p,0 1
e8bac,0 1
tlcfj,0 1
z5q8x,0 1
bzbqw,0 1
zv5lv,0 1
d8ts8,0 1
wj432,0 1
0uvh2,0 1
qsvad,0 1
ird65,0 1
6jw8m,0 1
ua9bn,0 1
5ydhd,0 1
s6og0,0 1
w1mks,0 1
gztfg,0 1
wwz5b,0 1
g8fkn,0 1
n020x,0 1
eow79,0 1
0x9dz,0 1
ylafj,0 1
04iat,0 1
t7uq9,0 1
9w5cc,0 1
ytfj2,0 1
owld1,0 1
tum7a,0 1
1d1jq,0 1
p3lx6,0 1
o3r2m,0 1
hg3ng,0 1
1lybq,0 1
qo6iw,0 1
mopkr,0 1
jhg83,0 1
94p4y,0 1
f28r0,0 1
ghv00,0 1
4dsue,0 1
oogke,0 1
n17vo,0 1
pwnif,0 1
1bph8,0 1
joerf,0 1
4hkpd,0 1
gfmev,0 1
jg4ja,0 1
q8ajg,0 1
7satw,0 1
cpu4b,0 1
4jpem,0 1
cbpx5,0 1
dvzpx,0 1
oip4v,0 1
vuonq,0 1
odli4,0 1
luy5r,0 1
o2r2z,0 1
jc5ls,0 1
ez67e,0 1
w9v4h,0 1
wy20j,0 1
193dd,0 1
044sd,0 1
n824q,0 1
2ubjm,0 1
whgl2,0 1
aysq5,0 1
dz757,0 1
4flyn,0 1
un8wi,0 1
21v3t,0 1
pgokz,0 1
r0xsx,0 1
lf440,0 1
wjhhs,0 1
by99j,0 1
v7sm5,0 1
pq3oh,0 1
qnwh5,0 1
91d1c,0 1
lsza3,0 1
r9g5n,0 1
pbhht,0 1
9ahhg,0 1
gayqr,0 1
5ivoy,0 1
dhxcw,0 1
utmkv,0 1
0ev2l,0 1
fh3nz,0 1
foihf,0 1
rzjnt,0 1
p2519,0 1
pshy4,0 1
bz5ps,0 1
3enpv,0 1
svmv1,0 1
hsrix,0 1
kfu8q,0 1
8zlij,0 1
bg3en,0 1
et1lh,0 1
wnsha,0 1
7tz1u,0 1
uz2j4,0 1
1z260,0 1
tyhbf,0 1
vx9k7,0 1
sz748,0 1
zf0ws,0 1
z62qz,0 1
198eh,0 1
s9sox,0 1
5sy6d,0 1
lom6o,0 1
b3wlo,0 1
hivg5,0 1
eo7pb,0 1
beh9l,0 1
m2927,0 1
wgdol,0 1
8sh00,0 1
ahvmq,0 1
r68sd,0 1
aomcb,0 1
cm4d8,0 1
1s143,0 1
t3773,0 1
hyizs,0 1
zmoay,0 1
8ryif,0 1
yihw3,0 1
1d5ds,0 1
z86g7,0 1
a8u50,0 1
td6rx,0 1
n4vbv,0 1
joi0q,0 1
k7bjq,0 1
kkb1i,0 1
229ox,0 1
teg2d,0 1
s728c,0 1
ppqcj,0 1
4nrk0,0 1
gkf7g,0 1
nwx5g,0 1
wczwn,0 1
9t633,0 1
mnvk9,0 1
5k6mq,0 1
8gp06,0 1
515ur,0 1
8vd4c,0 1
aqmzh,0 1
t6ckc,0 1
9hggz,0 1
6ley7,0 1
kjujf,0 1
gwfki,0 1
ofph5,0 1
boakd,0 1
12bmf,0 1
6fm6u,0 1
fe09c,0 1
bd2ps,0 1
oc8og,0 1
7m22w,0 1
8gmp4,0 1
g1ju3,0 1
ma9bn,0 1
ob3g8,0 1
1g4b0,0 1
abew7,0 1
5aapd,0 1
lxx0c,0 1
yosn9,0 1
5fdc9,0 1
e8r5r,0 1
nowls,0 1
ww75n,0 1
l4bkv,0 1
3cv5d,0 1
vu4ql,0 1
rdd6w,0 1
ee9c4,0 1
w9u5t,0 1
z4p8g,0 1
61eed,0 1
ejd9z,0 1
76181,0 1
kmzol,0 1
2t0uh,0 1
tc3ke,0 1
pu3sw,0 1
5b2cd,0 1
0y4kn,0 1
g8927,0 1
q180n,0 1
mlsq3,0 1
j0n0t,0 1
itw2t,0 1
pcuf8,0 1
ovzhu,0 1
7umj9,0 1
v34mc,0 1
1gr38,0 1
4ffd0,0 1
7657j,0 1
xujvu,0 1
aloty,0 1
vysdo,0 1
7i26f,0 1
aqupd,0 1
ef9ri,0 1
v0tta,0 1
bzh5h,0 1
on4x1,0 1
w2pdb,0 1
gl9ap,0 1
6vxss,0 1
9lvcp,0 1
7p2lx,0 1
ovq3b,0 1
89t06,0 1
17nca,0 1
pj2gc,0 1
6yqtt,0 1
ok1mo,0 1
bpldj,0 1
k133w,0 1
q6ahs,0 1
4nosa,0 1
u5r3z,0 1
27clk,0 1
azne9,0 1
s4dzc,0 1
xblz1,0 1
hg86x,0 1
dn38q,0 1
gfkgt,0 1
jpa39,0 1
3zuwh,0 1
p8w1x,0 1
kbm6k,0 1
u1k9w,0 1
vyz23,0 1
vrbep,0 1
cimrg,0 1
r6p0y,0 1
gfcjw,0 1
y16dv,0 1
hw1on,0 1
0fjb7,0 1
l5l21,0 1
yca22,0 1
tvaxe,0 1
g9pgc,0 1
bo719,0 1
v0mqh,0 1
q7nbc,0 1
b71q6,0 1
2g8j7,0 1
ietsr,0 1
8uxss,0 1
dq8bh,0 1
s4uje,0 1
5phvs,0 1
maqly,0 1
es5af,0 1
qob8y,0 1
uasi9,0 1
jnffn,0 1
6lct0,0 1
qfop0,0 1
3eimn,0 1
tyen4,0 1
xoyl9,0 1
f3qiq,0 1
zb3mx,0 1
6z6fi,0 1
4kenn,0 1
144ns,0 1
8phx4,0 1
f9pto,0 1
xvst5,0 1
dt2o5,0 1
bm8df,0 1
3pf4k,0 1
u2suv,0 1
xq8nc,0 1
0dqm0,0 1
hzjrm,0 1
tv5up,0 1
rnnjs,0 1
kmzwv,0 1
thdf4,0 1
f8f5s,0 1
tbyp1,0 1
km0b2,0 1
nmzl9,0 1
aa04s,0 1
v887r,0 1
fxd8y,0 1
odq1o,0 1
w6h2o,0 1
yt6vs,0 1
9xswn,0 1
wifxq,0 1
m7vqp,0 1
ikhtg,0 1
bve2e,0 1
kixui,0 1
32ul6,0 1
9g3aj,0 1
tsb3b,0 1
pef9f,0 1
2cnb4,0 1
e36yz,0 1
o591o,0 1
58978,0 1
f1hhb,0 1
g49ut,0 1
lhjg5,0 1
zivu0,0 1
i837z,0 1
bldnh,0 1
u0b6m,0 1
4amnb,0 1
ii0gg,0 1
cfdnz,0 1
0teok,0 1
ht0w3,0 1
mecvw,0 1
sysmh,0 1
ypimg,0 1
5t2hb,0 1
yfti5,0 1
h73w4,0 1
d4ej2,0 1
6lj21,0 1
90nxq,0 1
uv7iy,0 1
u2m57,0 1
oe5ev,0 1
ncot4,0 1
e9z7d,0 1
qnfe9,0 1
pck2q,0 1
kiv0k,0 1
j8fom,0 1
px3wr,0 1
hg7e9,0 1
dk872,0 1
in4oh,0 1
om5sz,0 1
2ryzv,0 1
w1n41,0 1
ziwhs,0 1
7tlvv,0 1
l2lrk,0 1
1hhlr,0 1
so9sk,0 1
vdno1,0 1
xug5c,0 1
8idtk,0 1
xt5a4,0 1
lqcvf,0 1
gec14,0 1
p6leu,0 1
b2cjb,0 1
v13kv,0 1
27e3k,0 1
t7e72,0 1
qms2t,0 1
xe7yn,0 1
r842o,0 1
sycnp,0 1
y5txj,0 1
70u3x,0 1
2jt4v,0 1
969r8,0 1
g1z8o,0 1
71ffq,0 1
id7ws,0 1
hckqx,0 1
fzqek,0 1
wu2nj,0 1
sjlop,0 1
rm6ry,0 1
h206a,0 1
vpwj8,0 1
fhmo4,0 1
xl5ml,0 1
tfav4,0 1
l3fus,0 1
o8hyb,0 1
w49oz,0 1
ydjej,0 1
ziz1p,0 1
ykosa,0 1
lb6qn,0 1
oo588,0 1
jfdqr,0 1
98dxh,0 1
qh209,0 1
tnbjj,0 1
9n1hx,0 1
p5naa,0 1
o7iwr,0 1
36nc0,0 1
1cl17,0 1
vucje,0 1
ytrsn,0 1
e019h,0 1
coc0p,0 1
703ve,0 1
nazcl,0 1
iqxvx,0 1
w6hf8,0 1
lueyf,0 1
ff75e,0 1
z1sk2,0 1
5pa1o,0 1
20bep,0 1
4c3kh,0 1
228qw,0 1
h7j1z,0 1
2wfw8,0 1
6frwg,0 1
ooi1n,0 1
h59e7,0 1
a72sa,0 1
b7unh,0 1
253gs,0 1
sh3pm,0 1
eowky,0 1
wnzbk,0 1
9cdj8,0 1
8q5e3,0 1
e5cd2,0 1
infll,0 1
z8f28,0 1
hcrve,0 1
mnojm,0 1
rrg2j,0 1
0ze1r,0 1
foj37,0 1
jeddm,0 1
jope4,0 1
auar2,0 1
sreli,0 1
l5myu,0 1
e6mt9,0 1
560tk,0 1
cz075,0 1
e4m0d,0 1
gy53b,0 1
avgqx,0 1
86sn6,0 1
3ku1x,0 1
fdsve,0 1
a10tg,0 1
yz5a6,0 1
318mj,0 1
f9fha,0 1
3yapm,0 1
vcta7,0 1
z71fo,0 1
ghvvw,0 1
6i0cw,0 1
clg1p,0 1
sfpua,0 1
pzo6n,0 1
w8zhl,0 1
5eku4,0 1
e043n,0 1
k0ufq,0 1
k244c,0 1
aielo,0 1
am6zb,0 1
pfoy5,0 1
o2pn3,0 1
3g4kl,0 1
20i9l,0 1
ygxcz,0 1
v572u,0 1
fm4gf,0 1
c3fvz,0 1
ohk9c,0 1
r9l9o,0 1
hqrnl,0 1
dwd8y,0 1
sxfgz,0 1
nuyxp,0 1
i09ai,0 1
5ivql,0 1
7jeb5,0 1
80n8a,0 1
j4btg,0 1
7vgzb,0 1
r0wm9,0 1
7e6kp,0 1
z36bs,0 1
uwhey,0 1
vaf8a,0 1
lj2nj,0 1
qq286,0 1
9391d,0 1
rj5tk,0 1
cbb8v,0 1
42yie,0 1
5le8g,0 1
srufu,0 1
ymfw6,0 1
7vs8e,0 1
edy3t,0 1
9ybk3,0 1
wm2z3,0 1
hrlhr,0 1
adp5y,0 1
n67jy,0 1
7puh7,0 1
bdkac,0 1
4q3eb,0 1
me46o,0 1
qiycy,0 1
e533k,0 1
298fz,0 1
0wip0,0 1
bgsky,0 1
vswz1,0 1
2xaqc,0 1
lnegd,0 1
ei7au,0 1
l6d42,0 1
1ou2i,0 1
vrcij,0 1
sjd49,0 1
8srcj,0 1
bqo4x,0 1
7dtf9,0 1
bxnfv,0 1
ezp5t,0 1
9zg8y,0 1
2nsp9,0 1
ccf5c,0 1
xpbuw,0 1
wi6qo,0 1
jbyho,0 1
g9a68,0 1
enhvh,0 1
9q499,0 1
e1od8,0 1
4umnq,0 1
9kofs,0 1
55uuh,0 1
axc4c,0 1
tu4lm,0 1
aeclb,0 1
zww3p,0 1
t40g8,0 1
anhxv,0 1
ihf9r,0 1
k7ad8,0 1
u24f7,0 1
lsynx,0 1
qy09d,0 1
bzr9k,0 1
xwagl,0 1
kpacl,0 1
3tvjt,0 1
eilzu,0 1
x8b9r,0 1
d4g0o,0 1
xu9h2,0 1
6nams,0 1
s6kk1,0 1
5y5fj,0 1
caky6,0 1
mwmm5,0 1
8y09r,0 1
wyr2z,0 1
folbu,0 1
qtsnr,0 1
zur5b,0 1
1pyy6,0 1
cuq6z,0 1
hgs73,0 1
x2gyd,0 1
16vl3,0 1
ydpd4,0 1
1gi1p,0 1
loorr,0 1
breuz,0 1
5455y,0 1
vean5,0 1
gvu8k,0 1
969lg,0 1
t2iut,0 1
c4h7u,0 1
n8hip,0 1
x0gwb,0 1
9gjlb,0 1
8je7m,0 1
7lpgh,0 1
fonde,0 1
kjyn2,0 1
0z6uj,0 1
euylq,0 1
bscg4,0 1
k4o89,0 1
hfr52,0 1
zp0oi,0 1
p3kr2,0 1
uardw,0 1
0ahh2,0 1
cwwrb,0 1
hrxlp,0 1
fap68,0 1
pz5uc,0 1
37cde,0 1
shfir,0 1
soj5v,0 1
s0qhy,0 1
zhukp,0 1
9dn7s,0 1
gwcos,0 1
1n9m8,0 1
qodwg,0 1
4ytrh,0 1
sox2x,0 1
pgzft,0 1
ukmk3,0 1
s6hhz,0 1
8izxi,0 1
szw0w,0 1
ms1tv,0 1
k4e7z,0 1
3jsr4,0 1
4735n,0 1
svu1l,0 1
w4bnh,0 1
4j8rp,0 1
z083j,0 1
wd19j,0 1
z7wg7,0 1
hhtle,0 1
119m2,0 1
h7rq7,0 1
erbzg,0 1
dzkby,0 1
lrnbz,0 1
zuqln,0 1
0rx3q,0 1
dbcuw,0 1
08zif,0 1
qidiy,0 1
tp0iz,0 1
fi818,0 1
jdrow,0 1
zxtoh,0 1
qgbhs,0 1
tvirs,0 1
2ykon,0 1
lxekn,0 1
sfoyi,0 1
7uq6k,0 1
jb6re,0 1
5aaqy,0 1
mc48x,0 1
n5btj,0 1
b8ahn,0 1
j8a8s,0 1
1cw28,0 1
j50ff,0 1
j56ki,0 1
ikseq,0 1
f9ibc,0 1
kvppj,0 1
1gr9k,0 1
393an,0 1
evz25,0 1
8w6h3,0 1
9o4cm,0 1
v9ld4,0 1
n0ex4,0 1
r5vcl,0 1
y30x8,0 1
k9wn9,0 1
shxxr,0 1
7yciv,0 1
ek9yh,0 1
8pq48,0 1
d9d0m,0 1
t8e47,0 1
v08d0,0 1
3tl12,0 1
5wrgl,0 1
bs4o0,0 1
di3ey,0 1
i5ns8,0 1
mhleh,0 1
iaxbs,0 1
hcqlj,0 1
wysxc,0 1
hmxgr,0 1
q80an,0 1
cacx6,0 1
fjcf8,0 1
29d82,0 1
1thch,0 1
1x0su,0 1
0ow1w,0 1
lm9s8,0 1
jsqqx,0 1
oawv4,0 1
x2wom,0 1
bn44s,0 1
4us8o,0 1
c5x8s,0 1
fffno,0 1
2nyvf,0 1
kh6an,0 1
nymp6,0 1
rtzeh,0 1
m6w69,0 1
c94d9,0 1
5jolj,0 1
pqo0q,0 1
0p9ht,0 1
gbmd4,0 1
8ip8d,0 1
uq43i,0 1
ksnel,0 1
zcy7m,0 1
aqyvy,0 1
g07na,0 1
p3pmd,0 1
53lrg,0 1
r2zvn,0 1
6sa8j,0 1
o2n3w,0 1
fldub,0 1
9479h,0 1
8xu96,0 1
rht0y,0 1
g1va1,0 1
9pyst,0 1
ath9d,0 1
p21w6,0 1
5py2e,0 1
65p6x,0 1
xg6nz,0 1
uu4m7,0 1
v7cs6,0 1
u6jkg,0 1
1mwgq,0 1
0bcg1,0 1
obmu8,0 1
nefo7,0 1
451l9,0 1
xbo81,0 1
s0rjz,0 1
7qf3i,0 1
09ii2,0 1
uv50g,0 1
0vz42,0 1
06hmc,0 1
8m60m,0 1
j2a3d,0 1
kpjfq,0 1
ii9bf,0 1
fd8kh,0 1
py5tk,0 1
6fm94,0 1
dj8f0,0 1
03zq3,0 1
5dhbl,0 1
kdlug,0 1
iyzdq,0 1
w1sgz,0 1
al7dt,0 1
xsndf,0 1
4t2g5,0 1
0unn1,0 1
j362h,0 1
bvyp5,0 1
125ab,0 1
uwl9e,0 1
qrg22,0 1
4x16j,0 1
p80ar,0 1
00pq1,0 1
638h4,0 1
zzypj,0 1
srpx1,0 1
p0xqu,0 1
iucw9,0 1
jhgso,0 1
vdzc5,0 1
v9emz,0 1
zhxz1,0 1
wgcin,0 1
gw87i,0 1
90k49,0 1
sx7sj,0 1
4ygni,0 1
et78b,0 1
ztn46,0 1
ppzvl,0 1
ffdfm,0 1
jqkqq,0 1
zdfv3,0 1
bd8zk,0 1
1lkop,0 1
ygbui,0 1
ililg,0 1
n15hf,0 1
zsuaz,0 1
uwacq,0 1
eys8a,0 1
4zmh3,0 1
q0ts0,0 1
fqgpl,0 1
cukiu,0 1
fikn5,0 1
dmkky,0 1
xc0xk,0 1
keqyk,0 1
pqv7n,0 1
83sip,0 1
5mbyx,0 1
ph44h,0 1
bbaw7,0 1
9wh32,0 1
y218j,0 1
5iogo,0 1
ug44v,0 1
b0e54,0 1
4grie,0 1
9bmcd,0 1
rwnso,0 1
opxfk,0 1
i40em,0 1
gopx7,0 1
3ag2e,0 1
s4ovv,0 1
yjuk1,0 1
xj6bt,0 1
mrl9m,0 1
jlbwf,0 1
voif4,0 1
v4i1u,0 1
q4jbw,0 1
wporw,0 1
kpf14,0 1
lib1d,0 1
xk30h,0 1
hihze,0 1
5s7ak,0 1
5tjk6,0 1
w156h,0 1
oxc01,0 1
ednyf,0 1
q5wf3,0 1
roffw,0 1
njr5j,0 1
uuq93,0 1
p0bv6,0 1
8pu7t,0 1
itvkg,0 1
yppaw,0 1
wumk8,0 1
pvu4x,0 1
nfath,0 1
2odpt,0 1
l07vk,0 1
igdnj,0 1
1h0a5,0 1
vfu4v,0 1
phino,0 1
nk18g,0 1
97t7s,0 1
mftq0,0 1
zzxvo,0 1
zjdw8,0 1
ucazw,0 1
q4xng,0 1
anxem,0 1
kftiz,0 1
jqsbe,0 1
jjxeh,0 1
0p6yy,0 1
bno1v,0 1
ns0gg,0 1
7u9o4,0 1
z88dv,0 1
1amw6,0 1
bishx,0 1
k5qvd,0 1
f0brt,0 1
ibbfa,0 1
62fry,0 1
kzrh7,0 1
6s01d,0 1
17iu2,0 1
4quz9,0 1
5ouzj,0 1
d9vo2,0 1
bqwxl,0 1
s75x2,0 1
a5mmf,0 1
cb2tr,0 1
kftik,0 1
ncfus,0 1
zxw0i,0 1
07h74,0 1
n3jcs,0 1
tuc37,0 1
3as8i,0 1
j3c3t,0 1
gwo5u,0 1
wjxsc,0 1
zewya,0 1
vholh,0 1
ljsfa,0 1
747nn,0 1
h9mnu,0 1
hyuvg,0 1
08rhr,0 1
ci5ut,0 1
wfte8,0 1
fyfql,0 1
wabbw,0 1
lb6zu,0 1
ngvlt,0 1
6xrrd,0 1
rjz5k,0 1
12ue4,0 1
lg16y,0 1
7rxpr,0 1
v9afd,0 1
lphhj,0 1
b58fa,0 1
16wuy,0 1
4a342,0 1
onetl,0 1
h0e12,0 1
gdt41,0 1
uhl2o,0 1
e09xp,0 1
zlo5w,0 1
x9pbz,0 1
am02v,0 1
m5k1g,0 1
grh1j,0 1
b9o8c,0 1
mnzmi,0 1
o1n4r,0 1
c91lz,0 1
i8dmj,0 1
k7vuw,0 1
2pki5,0 1
lxu7a,0 1
ctr8v,0 1
ovwjr,0 1
sf2d0,0 1
0c6ro,0 1
3ockn,0 1
1tzgx,0 1
ehn3t,0 1
rehk3,0 1
cjb3d,0 1
9sly2,0 1
en9ah,0 1
hyvix,0 1
84yt5,0 1
t7x54,0 1
porxg,0 1
sqjb3,0 1
fy112,0 1
cznxd,0 1
ojesm,0 1
kwqdp,0 1
g55u0,0 1
crn1w,0 1
ie0c1,0 1
xauxf,0 1
s30hb,0 1
k85y3,0 1
3ycgr,0 1
v5b0h,0 1
p1caf,0 1
aqeul,0 1
fr9xn,0 1
mtnyq,0 1
r5i8d,0 1
en6tq,0 1
y89v1,0 1
4ald6,0 1
5raw6,0 1
0a7gl,0 1
hcy0u,0 1
42b4n,0 1
spccn,0 1
x12oy,0 1
6xvqf,0 1
zit53,0 1
obwo5,0 1
ilx9o,0 1
ttzp6,0 1
nh96b,0 1
sufzk,0 1
x99cb,0 1
sgdpw,0 1
qsfld,0 1
sg1dp,0 1
zrr75,0 1
jojyk,0 1
5nm7g,0 1
3pppw,0 1
8pgrf,0 1
mpyfj,0 1
ebikg,0 1
drq1q,0 1
3qr1i,0 1
oxjxc,0 1
bj2af,0 1
syrpn,0 1
18ss9,0 1
xrm2u,0 1
75pjm,0 1
gfua8,0 1
ts7h3,0 1
z0dtm,0 1
5i9f2,0 1
sib0v,0 1
o5hep,0 1
542e9,0 1
dc6yh,0 1
n9x1t,0 1
r5m6o,0 1
gnbj5,0 1
8wa4t,0 1
odhvw,0 1
q3hmo,0 1
0ccf6,0 1
tap9v,0 1
9jdx0,0 1
3g27h,0 1
z5jm3,0 1
qfocj,0 1
prs7w,0 1
q9eg5,0 1
hfy28,0 1
n67c0,0 1
o332y,0 1
uz8j4,0 1
tx93f,0 1
twp66,0 1
1e6en,0 1
isdtb,0 1
2tkd7,0 1
7gsmj,0 1
5b58l,0 1
vfb58,0 1
8guzk,0 1
cm2xn,0 1
fz6hk,0 1
6ok6m,0 1
ovs1k,0 1
mkxb2,0 1
yg2hi,0 1
yflfj,0 1
te0hh,0 1
fn2p7,0 1
pawyj,0 1
6u6kj,0 1
rfgjb,0 1
a51r3,0 1
9ptry,0 1
9h2lj,0 1
wpic5,0 1
pn7zt,0 1
mewuv,0 1
8kh2u,0 1
p2ssq,0 1
mezo0,0 1
l3z39,0 1
95n3o,0 1
5gymu,0 1
s3d2h,0 1
0ttzm,0 1
8t9ir,0 1
8wab4,0 1
upp0j,0 1
f2ai6,0 1
89z3k,0 1
rqpap,0 1
skf06,0 1
d3wb1,0 1
er4re,0 1
sbslc,0 1
vjdkl,0 1
65qph,0 1
g7azp,0 1
kbkm9,0 1
tdnqv,0 1
8w527,0 1
1aezc,0 1
pxz7h,0 1
66v62,0 1
2576o,0 1
d7zeo,0 1
whgjh,0 1
qweef,0 1
vz9p6,0 1
cahs8,0 1
kds93,0 1
fx9ww,0 1
3ywo9,0 1
kgovw,0 1
cabxy,0 1
1oskr,0 1
swf3j,0 1
98317,0 1
ajs5z,0 1
w4ump,0 1
rwkk4,0 1
ptux3,0 1
ybjsr,0 1
bhu7v,0 1
53707,0 1
8vzsd,0 1
vlaua,0 1
r9ymc,0 1
40l2z,0 1
3gbuy,0 1
31lo1,0 1
cised,0 1
ve083,0 1
e67cc,0 1
6a1z3,0 1
n4ig2,0 1
kwqnh,0 1
cpf27,0 1
sxh5b,0 1
e6azn,0 1
vcq5l,0 1
t2vkc,0 1
j5sx1,0 1
f7pbm,0 1
d21mb,0 1
3od46,0 1
xpl4g,0 1
efd6m,0 1
lft0f,0 1
h3mk1,0 1
9694k,0 1
m5us4,0 1
33v9a,0 1
at32j,0 1
8yybn,0 1
0m0li,0 1
2fxsr,0 1
fto8b,0 1
uwjvo,0 1
iv17k,0 1
u4js1,0 1
96u9e,0 1
8gauq,0 1
o3ofl,0 1
gqgwq,0 1
hns8m,0 1
a0rj0,0 1
7bguk,0 1
r8m6n,0 1
7axos,0 1
8ybc9,0 1
kyu8z,0 1
5gmp8,0 1
mrrng,0 1
wxgpe,0 1
47yks,0 1
xcz5z,0 1
51zcs,0 1
t27as,0 1
zxgyu,0 1
ffj2a,0 1
r71dr,0 1
qpxiw,0 1
sg8rd,0 1
fcwoq,0 1
qpqwb,0 1
enp3r,0 1
t5hf1,0 1
4rjei,0 1
o69dg,0 1
apj8s,0 1
xvqsb,0 1
vheoo,0 1
m02q9,0 1
c1lef,0 1
m4sye,0 1
iag4e,0 1
x3lep,0 1
pn8cc,0 1
19kc8,0 1
3j3px,0 1
hg5zd,0 1
qcxqb,0 1
9lhgu,0 1
p4zyn,0 1
0yssb,0 1
5pczn,0 1
tnfx6,0 1
5ogg2,0 1
4wtkw,0 1
barlt,0 1
wf70y,0 1
1ay2l,0 1
hdmfa,0 1
cnax9,0 1
m2dmd,0 1
1rhzs,0 1
vphvl,0 1
02a6i,0 1
sx9co,0 1
jimoq,0 1
w85f0,0 1
u75li,0 1
phw94,0 1
47fdx,0 1
umdt2,0 1
al5vg,0 1
54tgy,0 1
9tj02,0 1
vxgve,0 1
dcg42,0 1
zjomt,0 1
4qyjh,0 1
hhvca,0 1
vcom2,0 1
70mlg,0 1
xdai8,0 1
k59hm,0 1
6yos7,0 1
y3gdl,0 1
8sti5,0 1
0nz3q,0 1
ahw0x,0 1
10zn6,0 1
qrkaf,0 1
il409,0 1
qn4ao,0 1
5lems,0 1
dyvyw,0 1
amm3k,0 1
i3x0p,0 1
xpqpp,0 1
e48be,0 1
j16a2,0 1
zj7gg,0 1
frw79,0 1
fa8tp,0 1
paeyr,0 1
cdk6h,0 1
b3ciw,0 1
1cj3t,0 1
6h79o,0 1
pxkit,0 1
xtfow,0 1
5rhyq,0 1
nqe31,0 1
dqv5c,0 1
iucq5,0 1
d4usl,0 1
cioai,0 1
9rckv,0 1
elmjj,0 1
jczph,0 1
maoq0,0 1
sr9b7,0 1
seqlb,0 1
1vw0m,0 1
gfnio,0 1
enw7t,0 1
geaon,0 1
6tsht,0 1
4mqyb,0 1
er1hu,0 1
5j1hn,0 1
rcege,0 1
vw2uu,0 1
1yhnf,0 1
3rmhs,0 1
r8tiw,0 1
i4yoo,0 1
bjn3w,0 1
buhjv,0 1
a2yjx,0 1
nooyr,0 1
toi3r,0 1
zr698,0 1
iss12,0 1
ocgy8,0 1
2lfds,0 1
m4k02,0 1
pdd48,0 1
huwht,0 1
pd115,0 1
znqzo,0 1
lah7j,0 1
xonon,0 1
sxvb6,0 1
ydzhs,0 1
vw6lw,0 1
keiwi,0 1
acxcu,0 1
epojv,0 1
o147b,0 1
brnum,0 1
2z88e,0 1
ac091,0 1
x602o,0 1
dc38b,0 1
0f5l9,0 1
8rh9m,0 1
c4ej1,0 1
et276,0 1
h2tvz,0 1
wv0r3,0 1
n45xe,0 1
e0ei3,0 1
ybvvp,0 1
d6uzj,0 1
3qpsj,0 1
2xe2s,0 1
h21ql,0 1
6l38r,0 1
dug88,0 1
ez0sy,0 1
xnw9t,0 1
h0sfg,0 1
czogv,0 1
usjbi,0 1
1gx0h,0 1
2bece,0 1
l3p7l,0 1
dhyp4,0 1
uw6pl,0 1
0qok2,0 1
9bfd6,0 1
di040,0 1
h9gaz,0 1
lgofu,0 1
0i4tk,0 1
x04yk,0 1
lc1h1,0 1
x0jjw,0 1
rd6o3,0 1
cpcl6,0 1
oiy2w,0 1
g6uoc,0 1
6oarm,0 1
auvpr,0 1
dksxe,0 1
xgjhq,0 1
lrpl6,0 1
tsxtc,0 1
l42y1,0 1
d60rx,0 1
hpsp8,0 1
jnogb,0 1
d6fxw,0 1
pjuyq,0 1
91kip,0 1
gcoux,0 1
l05l4,0 1
tiy5h,0 1
otzon,0 1
13nrw,0 1
6th5b,0 1
o2zjo,0 1
7jv4r,0 1
t1nsc,0 1
89sa0,0 1
g537m,0 1
jup9y,0 1
8zxc4,0 1
sksfd,0 1
t6fh9,0 1
6gf7c,0 1
il0ba,0 1
243hq,0 1
bciyn,0 1
pndxv,0 1
hcxck,0 1
4ikpy,0 1
0zg5w,0 1
32ab0,0 1
jfuof,0 1
t82yk,0 1
63ria,0 1
o5c7n,0 1
1skmx,0 1
b817z,0 1
dxat4,0 1
8wrt2,0 1
ismfs,0 1
jk02j,0 1
dwpws,0 1
ck3ii,0 1
qgq97,0 1
dju3l,0 1
nqa2o,0 1
6h3az,0 1
si8lz,0 1
ks9sq,0 1
ttxws,0 1
hlrhy,0 1
0vb5a,0 1
y1ps5,0 1
333ym,0 1
o1yyb,0 1
pdh03,0 1
k7xra,0 1
nrfmw,0 1
z9tjz,0 1
rjd8s,0 1
f2c2p,0 1
amr1s,0 1
uzyuh,0 1
v5zsb,0 1
9zui2,0 1
3c32k,0 1
o8v7c,0 1
q1rjl,0 1
p35sj,0 1
yp58s,0 1
ett5t,0 1
ryw0s,0 1
unzjw,0 1
9zyba,0 1
80bkk,0 1
iaw5e,0 1
js71k,0 1
9kjxi,0 1
q4z50,0 1
a8g8q,0 1
ygl72,0 1
z07dq,0 1
ac7zr,0 1
uitho,0 1
bg6tw,0 1
qi7wn,0 1
toe67,0 1
ep107,0 1
kqr12,0 1
szl2x,0 1
ql81i,0 1
57v1m,0 1
unyr9,0 1
mbay2,0 1
ph040,0 1
u3nav,0 1
nk6iv,0 1
epuys,0 1
7vufv,0 1
yfl8m,0 1
gyycq,0 1
bfp0a,0 1
7zk2r,0 1
qwh4n,0 1
m8vvj,0 1
86x20,0 1
9kaib,0 1
7q77w,0 1
8m390,0 1
x4pkq,0 1
q4rxr,0 1
64tnj,0 1
d9iut,0 1
rjwwq,0 1
jxbhd,0 1
mxvl1,0 1
4a6se,0 1
ulqz5,0 1
jr4v8,0 1
mkl2l,0 1
eicbs,0 1
tetlk,0 1
k44w7,0 1
e5dpe,0 1
t2uye,0 1
ktu53,0 1
o5gyl,0 1
ccurl,0 1
0xv5w,0 1
syt2o,0 1
7gvm6,0 1
ws59u,0 1
7efen,0 1
ndnfy,0 1
7tflh,0 1
h3yzh,0 1
obzba,0 1
x26wk,0 1
rv55w,0 1
vjuo1,0 1
ssvaw,0 1
54ocr,0 1
ib1tq,0 1
u6c5c,0 1
co7rl,0 1
6j9bc,0 1
gf8kv,0 1
f0xc2,0 1
l9g7p,0 1
5jqvo,0 1
de4n2,0 1
v844s,0 1
tfh42,0 1
hzrn2,0 1
4hm46,0 1
ljlte,0 1
0tbzg,0 1
jn382,0 1
f37ij,0 1
4vjp2,0 1
2ogtd,0 1
sjq5s,0 1
7l73w,0 1
kmv21,0 1
rcz8p,0 1
hs1yu,0 1
dz49z,0 1
9r4bd,0 1
q29yj,0 1
4l6rc,0 1
